{"type":"FeatureCollection","features":[{"type":"Feature","properties":{"province_code":"05","name":"Ávila","ign_nationalcode":"34070500000"},"geometry":{"type":"MultiPolygon","coordinates":[[[[-5.433817811,40.244913915000005],[-5.434304894,40.242759803000006],[-5.436059202,40.238903556000004],[-5.439772239000001,40.233627791],[-5.450517191,40.227824850000005],[-5.452290878,40.227147712000004],[-5.455106092,40.226349364],[-5.468071307000001,40.224154832],[-5.469177241000001,40.221924318],[-5.469806881,40.215641414000004],[-5.469689888,40.212743381],[-5.470910460000001,40.207853072000006],[-5.478836016000001,40.207070997],[-5.483099123000001,40.205736493],[-5.4868718560000005,40.205133004000004],[-5.4914673910000005,40.203259584],[-5.49913304,40.198941633000004],[-5.499986957,40.200760786000004],[-5.5056324210000005,40.202215032000005],[-5.509684002,40.20185698],[-5.517284922,40.197413128],[-5.5210305040000005,40.196097502],[-5.530964093000001,40.194718621],[-5.5364738550000006,40.196624724],[-5.5406831510000005,40.195784719],[-5.543257451000001,40.197088341000004],[-5.544685756000001,40.197273123],[-5.546129072,40.196917088],[-5.548114767,40.197242693],[-5.549280275,40.197937644],[-5.550906234,40.199946578],[-5.55185682,40.200547154000006],[-5.555934033000001,40.200880521],[-5.558104864000001,40.201751338],[-5.561568397,40.202007994000006],[-5.563565499,40.202630337],[-5.565031783,40.204129162],[-5.568195954,40.206409999],[-5.5712247360000005,40.207279535000005],[-5.572668137,40.208166240000004],[-5.575477752,40.209139611000005],[-5.577860667,40.209392789000006],[-5.582876708000001,40.212154357],[-5.588427982000001,40.213840811000004],[-5.589792646,40.214810121],[-5.5932712030000005,40.216056315],[-5.599081791000001,40.216826654],[-5.602582218,40.215567923],[-5.605071452000001,40.215520889000004],[-5.607036859,40.216215235],[-5.610040236000001,40.215480924000005],[-5.614519657000001,40.218298246],[-5.615601302,40.219534868000004],[-5.616510496,40.222090494],[-5.618905275,40.223855826000005],[-5.615370564,40.228196409000006],[-5.613685680000001,40.233278749],[-5.614113523,40.235845249],[-5.615832576000001,40.235923481],[-5.616457449,40.236278658],[-5.61787182,40.238210308],[-5.620828708,40.240818597],[-5.62199979,40.245881340000004],[-5.624008526000001,40.247060818],[-5.62670605,40.247810272],[-5.628465329,40.247400995],[-5.635709338000001,40.247767591000006],[-5.649198888,40.249720301],[-5.655860802,40.255332363],[-5.659394431,40.256998634000006],[-5.66000071,40.257768351],[-5.6600252950000005,40.258695564],[-5.658240481,40.262357640000005],[-5.658164652,40.267025299000004],[-5.656503028,40.269936886],[-5.65669759,40.270400810000005],[-5.658989163,40.270960661000004],[-5.659963332,40.271811993],[-5.6618476300000005,40.272480237],[-5.663660499000001,40.274023828000004],[-5.66903421,40.27639503],[-5.670140187,40.277900802000005],[-5.673665858000001,40.278729122],[-5.679565392000001,40.282483886],[-5.682389889,40.283715507000004],[-5.684392966000001,40.285884906],[-5.6886771330000006,40.288325517000004],[-5.689815458,40.290037512000005],[-5.692661929000001,40.292106062],[-5.694915351000001,40.290792496],[-5.699589106,40.288818893000006],[-5.700296372,40.288856423000006],[-5.702215494000001,40.290081660000006],[-5.70516458,40.291174679],[-5.708040149,40.291602783],[-5.713643245,40.291696603000005],[-5.716676840000001,40.291075902],[-5.722889357000001,40.291407165],[-5.726418117000001,40.292864302000005],[-5.728136693000001,40.293184066],[-5.732505606,40.292423344],[-5.7342485640000005,40.292472214],[-5.737561939000001,40.294123259],[-5.728837725,40.303877506],[-5.729075153,40.310357334],[-5.714318728,40.32530598],[-5.708553275000001,40.329755829],[-5.7008371790000005,40.333422301000006],[-5.701197508,40.333603041],[-5.70088897,40.333835441000005],[-5.688564071,40.338257261],[-5.686015994000001,40.343757098000005],[-5.682767351000001,40.345850249],[-5.673031281,40.348534888],[-5.679126727000001,40.350834829],[-5.681722101,40.353044559000004],[-5.686359177,40.355368927],[-5.68511563,40.357856897000005],[-5.687365884,40.362038161],[-5.687025981000001,40.367117332],[-5.687014142000001,40.375710832],[-5.6868402090000005,40.376372429],[-5.684788960000001,40.378401769],[-5.682871621,40.37965331],[-5.682382045000001,40.380376273],[-5.682294751000001,40.381738442],[-5.680854793,40.383150013000005],[-5.67972577,40.385274962000004],[-5.678685833,40.386082730000005],[-5.6784401120000005,40.387016205],[-5.680593219,40.388731765],[-5.682871158,40.393885283],[-5.68497108,40.395439857],[-5.685455205,40.396356386],[-5.685430011,40.397500933],[-5.686616087,40.400662038],[-5.686069612000001,40.403512126],[-5.687240663000001,40.407772493],[-5.686827653,40.413384795000006],[-5.687567266,40.415682531],[-5.691877433,40.419446417],[-5.691189347000001,40.421993565],[-5.688458034,40.422957912],[-5.686745285000001,40.423159893000005],[-5.684142348,40.424391379],[-5.679693327000001,40.425143198],[-5.678678142000001,40.425995434],[-5.675927916,40.426788777000006],[-5.6742899410000005,40.427691428],[-5.670793131,40.431960827000005],[-5.668507602,40.432590124],[-5.665320369000001,40.434267042],[-5.659822171,40.435339552],[-5.658042356,40.43654249],[-5.65655541,40.436801881],[-5.6548306660000005,40.438507926],[-5.643723336000001,40.446274949],[-5.641315532,40.450122208],[-5.640038404,40.453340076],[-5.634172641,40.460445830000005],[-5.626430862,40.462720858000004],[-5.622763502000001,40.465758640000004],[-5.612060194000001,40.467721545],[-5.609773878,40.468070457],[-5.5992623340000005,40.467992136],[-5.589798537,40.46724984],[-5.5859552820000005,40.470056203000006],[-5.577841428,40.474389998],[-5.575098756,40.476387782],[-5.572681344,40.476405605000004],[-5.569607379000001,40.477455843],[-5.565234157,40.477535016000004],[-5.5609239100000005,40.477099195],[-5.564228695000001,40.472504086],[-5.563225899000001,40.470328488],[-5.5600929610000005,40.468272162000005],[-5.560129774,40.466758071],[-5.559625694,40.464355204],[-5.559944636,40.462816846],[-5.562326038,40.46031399],[-5.566654357,40.457227398],[-5.570681361,40.456453294],[-5.572008212,40.454451102],[-5.572143796000001,40.452133132],[-5.573156234000001,40.448075185],[-5.57460192,40.444250781],[-5.573217341,40.443497961000006],[-5.565311755000001,40.441160612000004],[-5.560429307000001,40.438323402],[-5.5532931660000004,40.432617318000005],[-5.547382596,40.426559493],[-5.54475311,40.423095424],[-5.538947891,40.424493194],[-5.5363164430000005,40.423785324],[-5.5342324110000005,40.422587983],[-5.532198147000001,40.423028913],[-5.528850809000001,40.422399609],[-5.525926504,40.422364478000006],[-5.52431246,40.423327539000006],[-5.5222791110000005,40.423795298],[-5.514862077,40.423389454],[-5.513591146,40.423759396],[-5.512570488000001,40.424520223],[-5.511469563,40.42629165],[-5.5111099050000005,40.428028946000005],[-5.510880262000001,40.435159032],[-5.5097259880000005,40.436769461000004],[-5.509608755,40.437420562],[-5.510078055,40.440527033],[-5.510630116000001,40.442055356000004],[-5.512207635,40.444525208],[-5.513173559,40.445134742],[-5.5196737030000005,40.446497468000004],[-5.52009242,40.446974751],[-5.520255993,40.447880958000006],[-5.517919406000001,40.452877105000006],[-5.509426306,40.459124029],[-5.510015786,40.461336117],[-5.509831265000001,40.463664102],[-5.505412876,40.46123785],[-5.503957156,40.461098261000004],[-5.501398675,40.459208020000005],[-5.500396868,40.458905428],[-5.4949532780000006,40.459347376000004],[-5.4912396370000005,40.458418644000005],[-5.489043434,40.457385052],[-5.488337455,40.457427280000005],[-5.487036211,40.458274996],[-5.486329557,40.458299212],[-5.483659627000001,40.456888378],[-5.482555196000001,40.456677912],[-5.4815946360000005,40.456851677],[-5.480443844000001,40.457624026000005],[-5.478055465000001,40.460017277000006],[-5.4768812140000005,40.460474824],[-5.471791896,40.461259388],[-5.469374193,40.462220863000006],[-5.467128154,40.464007332],[-5.465546877,40.465914691],[-5.467724734,40.467093245],[-5.464672969,40.469428329],[-5.460453911,40.474040120000005],[-5.461413376,40.484153352],[-5.462859020000001,40.487230199],[-5.461953727,40.491185854],[-5.454807654000001,40.492905246],[-5.45236139,40.494092166],[-5.452214082,40.495230262],[-5.450313014000001,40.497459467000006],[-5.450992029,40.500228431000004],[-5.45059774,40.503011146000006],[-5.448046121,40.509424631],[-5.44675296,40.517675987000004],[-5.446991733,40.520021917],[-5.442216752,40.526347236],[-5.439740965,40.526759862000006],[-5.436365348000001,40.529380271],[-5.4347702810000005,40.530972224],[-5.433449652,40.532972725],[-5.430996038,40.547391542],[-5.429803484000001,40.551965481],[-5.425555665,40.556639664],[-5.428507763000001,40.564468313],[-5.431076431,40.567233651],[-5.434940967,40.566314514000005],[-5.438046336,40.566285019000006],[-5.445286839,40.562718026000006],[-5.448986317,40.561495657],[-5.454836124000001,40.560299536],[-5.459099286000001,40.55996562],[-5.460611675,40.5593389],[-5.463248759000001,40.560075348000005],[-5.467333603,40.560033189],[-5.481584356,40.556719316000006],[-5.485926593,40.55502258],[-5.491241195000001,40.553439831000006],[-5.494010875000001,40.552019918],[-5.495404646000001,40.551710579],[-5.498751232,40.551836387],[-5.508167444000001,40.548794909],[-5.511898917000001,40.548164354],[-5.517483323,40.54561974],[-5.518371201000001,40.54473566],[-5.521013913,40.543416944],[-5.524691522,40.540733428],[-5.525114278,40.541300665],[-5.5261753780000005,40.541259443],[-5.526493618,40.541558736000006],[-5.526882596,40.54593688],[-5.526087099000001,40.548647528000004],[-5.529148097,40.550598203],[-5.529177761000001,40.552326991],[-5.5287229600000005,40.554048375],[-5.525544252,40.557450738],[-5.522665763,40.558792735000004],[-5.521028984,40.56049488],[-5.519949823,40.562265901],[-5.518317606,40.563778749],[-5.518008163,40.565920286],[-5.516294929000001,40.567795168],[-5.516012376,40.569080396000004],[-5.5161547230000005,40.571302156],[-5.517564385,40.573298128000005],[-5.516791895000001,40.576323483],[-5.517413647000001,40.580930792000004],[-5.517322678,40.582914431000006],[-5.516221882,40.585379462000006],[-5.513204125000001,40.586823334],[-5.510075818000001,40.590368284],[-5.505892452,40.590035795000006],[-5.500859983000001,40.597350922000004],[-5.498904639,40.589908],[-5.499602483,40.585488211000005],[-5.4996579720000005,40.581586744],[-5.495759508,40.581274737],[-5.492090416,40.583002361000005],[-5.4890144450000005,40.582888554],[-5.487787938,40.583266279],[-5.48567084,40.581609443000005],[-5.480921984,40.581621492000004],[-5.475304573000001,40.581147544000004],[-5.472778138000001,40.579913589],[-5.466795949000001,40.580437869],[-5.464288198,40.579707752000004],[-5.464375792,40.577589100000004],[-5.461544009000001,40.577361257],[-5.458753322000001,40.577609878000004],[-5.45598248,40.579047011],[-5.447650054,40.57959326],[-5.446186385000001,40.585785475],[-5.442955807000001,40.586943794],[-5.440904984,40.590004713],[-5.438785784,40.588914539],[-5.43755421,40.589814284],[-5.433576832,40.590916045],[-5.429427284,40.595750438],[-5.4257745580000005,40.597673799000006],[-5.424172974,40.597500264000004],[-5.4232990160000005,40.600130814],[-5.4237434470000006,40.601310487],[-5.422810708,40.603951275],[-5.422727634,40.605250111000004],[-5.419372133,40.607896648],[-5.41788472,40.607945824000005],[-5.4143455320000005,40.609767365],[-5.4128604870000006,40.609555207],[-5.412111122000001,40.610408575],[-5.410898032,40.610199715],[-5.408618634000001,40.608932183],[-5.407377703000001,40.609921878],[-5.404370525,40.608462263],[-5.402988526000001,40.608815310000004],[-5.402078082,40.609464790000004],[-5.4017500080000005,40.610534516],[-5.400935953,40.61123603],[-5.39939776,40.611520224],[-5.398249096000001,40.612120582],[-5.397820551000001,40.613687807000005],[-5.396774919,40.614195934],[-5.395873126000001,40.615421678000004],[-5.395648019,40.616399176],[-5.393528745,40.618289703],[-5.391042312000001,40.619169933],[-5.386606388000001,40.619748139],[-5.384464763,40.622017285000005],[-5.382954198,40.620760383000004],[-5.380663845,40.626500475],[-5.379175350000001,40.627197729],[-5.379463766000001,40.629326597],[-5.381746883,40.630693713],[-5.380397225,40.631640332],[-5.380900521,40.632494686],[-5.375665613000001,40.635575064],[-5.37518531,40.637701743],[-5.373167019,40.638806157000005],[-5.378417994,40.645489835],[-5.377594939000001,40.644957327],[-5.376004451,40.646458321000004],[-5.374827838000001,40.646626657000006],[-5.374259658000001,40.646278041],[-5.37322069,40.646659712],[-5.371934467,40.647740044],[-5.370499746,40.647967686],[-5.369000895,40.647385939],[-5.365892395,40.648773819000006],[-5.366876637000001,40.649852572],[-5.371061902,40.652486976000006],[-5.37062041,40.653378792000005],[-5.374546983,40.656378684],[-5.378148033,40.658529422],[-5.380372652,40.658888906],[-5.382177917,40.659761428],[-5.385806779,40.663343557000005],[-5.3863518500000005,40.667349683000005],[-5.387000447,40.669281918],[-5.385457027,40.671448637000005],[-5.382088804,40.671211948],[-5.380575039,40.671558449],[-5.3797115600000005,40.673224653000005],[-5.378661377,40.673966913],[-5.379165449,40.676496673],[-5.377698575,40.67783301],[-5.374202237,40.67832835],[-5.368498613000001,40.68097669],[-5.366104109,40.679179244000004],[-5.364776059,40.679431655],[-5.359836534,40.682622384000005],[-5.355810975000001,40.682884782],[-5.350330746,40.685860953],[-5.349239574,40.687135235],[-5.348484312,40.686520074],[-5.347507115,40.686323774],[-5.344676984,40.686939788000004],[-5.341705848,40.686910044],[-5.340824673,40.68709006],[-5.337161711,40.689272096],[-5.336551343,40.689752855],[-5.334711367000001,40.692636513000004],[-5.33208326,40.694644316],[-5.332142093000001,40.695651983000005],[-5.332760114,40.69640514],[-5.332993017000001,40.697652493],[-5.3364138180000005,40.69868221],[-5.337068970000001,40.699479629],[-5.334839093,40.700695764],[-5.332440898000001,40.700483045000006],[-5.330270248000001,40.701364612],[-5.3287546720000005,40.705421622],[-5.325219892000001,40.705204664],[-5.322080834,40.705475055],[-5.321784089,40.70306698],[-5.313079222000001,40.703593108],[-5.310388704,40.704511746],[-5.306852974,40.706320964],[-5.3026996230000005,40.706701178],[-5.300604195,40.708409392],[-5.292843747,40.710266318],[-5.292026118,40.710931116000005],[-5.289726201000001,40.714282593],[-5.287672705,40.715503333],[-5.285460532,40.716240767],[-5.28272647,40.718681924],[-5.280304868,40.719531494],[-5.279356245000001,40.720180776],[-5.27708764,40.723783603],[-5.2657165820000005,40.728520329000006],[-5.262407438,40.73044986],[-5.259487434,40.732686944],[-5.25879016,40.734826408],[-5.257195193,40.736334884],[-5.2537980730000005,40.734275493000005],[-5.255050751000001,40.739457444],[-5.2525488440000005,40.740767397],[-5.250645558,40.741218898],[-5.249943667,40.742880992],[-5.248287626000001,40.743642900000005],[-5.239488066000001,40.746111018],[-5.237598419,40.746976392],[-5.232204098,40.74858518],[-5.229647515,40.750409133000005],[-5.227585509000001,40.753214323],[-5.222754893,40.755054991],[-5.22037507,40.755443114],[-5.219784075000001,40.756193116000006],[-5.218643145000001,40.756079951000004],[-5.217223895,40.757215182],[-5.214436796,40.757827194],[-5.215253687000001,40.763162061],[-5.2171679950000005,40.767647125],[-5.217032684,40.770703319],[-5.218992036,40.772971599],[-5.2164481050000004,40.77485807],[-5.211713736,40.777155821],[-5.2085435890000005,40.779108175000005],[-5.203198348,40.780867811],[-5.194445718000001,40.784601704],[-5.18991538,40.785579567],[-5.1892432390000005,40.786403017000005],[-5.184412015,40.788692489000006],[-5.1848632310000005,40.78908028],[-5.179554593000001,40.793090052000004],[-5.179441775,40.794713565],[-5.178275889,40.796393002],[-5.180563059000001,40.797466733],[-5.178042328,40.801937127],[-5.1775681790000005,40.803387307],[-5.177629701000001,40.805268746],[-5.166785486,40.811174842],[-5.166621857,40.812339904000005],[-5.16592533,40.813523982],[-5.164739288000001,40.8127806],[-5.1615068090000005,40.814003217],[-5.161681067,40.817909273000005],[-5.159933158,40.818851796000004],[-5.158333178,40.820701296],[-5.157450966000001,40.821285285],[-5.1581348270000005,40.822263331],[-5.157471495,40.824113303000004],[-5.158950261,40.825103493],[-5.159301484,40.826060735000006],[-5.160855386000001,40.826806286],[-5.160989818,40.827659493000006],[-5.161869575000001,40.828093386],[-5.161932037000001,40.828920917000005],[-5.161099204,40.829567062],[-5.163932902,40.831009191],[-5.163888619000001,40.834387888],[-5.166384475,40.834187898],[-5.166833271000001,40.834494734],[-5.167495517000001,40.836256794],[-5.168202158000001,40.836468701],[-5.167519327,40.837715585000005],[-5.167974548,40.839310387000005],[-5.168957551,40.839994498],[-5.166532275000001,40.842003754000004],[-5.165598377,40.843192289],[-5.166042954,40.845552946000005],[-5.164471454,40.850113291],[-5.16439041,40.851267788],[-5.164876216000001,40.851979279000005],[-5.163578729,40.853300728],[-5.163012746000001,40.854500352],[-5.163148613000001,40.856488487],[-5.164227987,40.856846554],[-5.1629440220000005,40.858951404],[-5.161544478000001,40.862247411000006],[-5.162964303000001,40.863220632],[-5.1638084200000005,40.864366776000004],[-5.1628137270000005,40.866250012],[-5.162586984000001,40.867668459],[-5.16262154,40.868001092],[-5.163808708,40.868384162000005],[-5.157196274,40.870111411],[-5.157649790000001,40.870922618],[-5.152539366,40.873972624000004],[-5.15203144,40.876243012],[-5.1501116730000005,40.876693175],[-5.149016342,40.877317104],[-5.14961068,40.878080678],[-5.149229193,40.878394048000004],[-5.1496345660000005,40.878818856],[-5.149317330000001,40.879284157],[-5.149991132,40.879568846000005],[-5.149427482,40.881588047],[-5.145504089,40.883210423],[-5.145917968,40.884265616],[-5.145036503,40.88453423],[-5.145418167000001,40.884959494],[-5.144145603,40.885613696],[-5.144180952,40.885973342],[-5.142705833,40.886604272],[-5.142205269000001,40.886172201],[-5.1401614,40.887570302],[-5.139497587,40.889807499],[-5.138643539,40.890561966],[-5.136940844000001,40.891133991000004],[-5.139640116000001,40.892020724000005],[-5.138852079,40.893719766000004],[-5.136501158000001,40.894069609000006],[-5.133965313,40.895314580000004],[-5.135048669000001,40.896519558],[-5.130229236,40.899482122],[-5.130054407,40.900323058000005],[-5.127792594000001,40.900869246],[-5.127129119,40.900169888],[-5.12556201,40.901279701],[-5.1239353450000005,40.901642958000004],[-5.123224207000001,40.902421701],[-5.1215535480000005,40.901038263000004],[-5.117055508,40.901823534],[-5.115527141,40.902292959],[-5.115044877,40.902806231],[-5.1170122760000005,40.904562635000005],[-5.115580846,40.906957905000006],[-5.113906572,40.911051034],[-5.112639089,40.912263266000004],[-5.113840672,40.912709637000006],[-5.114594094,40.913623602],[-5.113488240000001,40.914319446],[-5.111215938,40.914928554],[-5.111271591,40.915558066],[-5.113271049000001,40.917566154],[-5.112072636000001,40.91871406],[-5.112933031000001,40.919256765],[-5.116961421,40.924182069000004],[-5.114739622,40.926384657],[-5.117415399,40.927614621000004],[-5.114820472,40.929292616000005],[-5.11610261,40.930764345],[-5.1209303010000005,40.930198237],[-5.121589872,40.931510212],[-5.118205994,40.933031654000004],[-5.118611811,40.933465567000006],[-5.118355183,40.933983713],[-5.119462381,40.935179384],[-5.12201356,40.93992447],[-5.124933281000001,40.943554778],[-5.1230905280000005,40.945363217],[-5.1228358620000005,40.946313700000005],[-5.123285009,40.948467244],[-5.125908646,40.948779198000004],[-5.127778001,40.947798920000004],[-5.128171214,40.948575319],[-5.127600675,40.954116488000004],[-5.12121469,40.956161773000005],[-5.116675286,40.954281556000005],[-5.1150820470000005,40.955733989],[-5.11175226,40.956758834000006],[-5.1086787760000005,40.958373394000006],[-5.108696322,40.960417785000004],[-5.106676348000001,40.959671056000005],[-5.104841252,40.960254033000005],[-5.106413703,40.963368947],[-5.104568607,40.965510406],[-5.105254143000001,40.965768116],[-5.102825524,40.968622787],[-5.102067541,40.97169917],[-5.1006666350000005,40.972868659],[-5.099971448000001,40.972683157000006],[-5.098068831,40.977149497],[-5.096470934,40.978484655],[-5.097522369,40.980158944],[-5.097324063,40.982153212],[-5.096395286,40.984728237000006],[-5.099353870000001,40.987313603000004],[-5.099639402,40.989569287],[-5.094943804000001,40.992573135],[-5.091575201,40.994318697000004],[-5.08984113,40.996629038],[-5.091318557,40.997106668],[-5.092003744,40.998472384],[-5.090918017,41.000608846000006],[-5.092697609,41.001990740000004],[-5.091540689,41.001876620000004],[-5.0911464120000005,41.002568344000004],[-5.092955937,41.003391224000005],[-5.093001637,41.004083973],[-5.092178704,41.004756458],[-5.092021539,41.006930122],[-5.092934319,41.006841496],[-5.093080875,41.008090880000005],[-5.096345975,41.009436731],[-5.095654597,41.010133871],[-5.098437776,41.012776496],[-5.099502963,41.012991299],[-5.099633324,41.014475164000004],[-5.100983944,41.014315448000005],[-5.100125366,41.016862199],[-5.100867137000001,41.017001813],[-5.10130706,41.016624489],[-5.10268163,41.016842631],[-5.103014568000001,41.017214874000004],[-5.10281451,41.018029199000004],[-5.103519068000001,41.018493744000004],[-5.101994891,41.021800272],[-5.103793917,41.023019502000004],[-5.104604640000001,41.022707459],[-5.105261141000001,41.023154856000005],[-5.104559977,41.023545971000004],[-5.1053466940000005,41.024720598],[-5.104018364000001,41.025213235],[-5.103750275,41.026506199],[-5.104730463,41.025911831],[-5.107927487,41.02695234],[-5.106605122,41.029498606000004],[-5.111842483,41.030357591000005],[-5.115644688000001,41.032827998],[-5.12926556,41.036171248],[-5.131314212,41.036250472000006],[-5.137947201,41.039406317],[-5.138749143,41.038454658],[-5.1407918210000005,41.037245755],[-5.14218869,41.038868162],[-5.141397375,41.040513221000005],[-5.144838784,41.043178474],[-5.146543250000001,41.043642143],[-5.145310107,41.046700621],[-5.14832756,41.048022538000005],[-5.146979062000001,41.05229018],[-5.146956707,41.054164144000005],[-5.149265867,41.055283054],[-5.148652522,41.056546533],[-5.149170905,41.059311166],[-5.1525535730000005,41.061959257000005],[-5.152992589,41.063743537],[-5.151153138000001,41.076316273],[-5.151233149,41.077674902000005],[-5.150345584,41.079294802],[-5.152294093,41.081005846000004],[-5.152264862,41.081934158],[-5.15012233,41.083766659000005],[-5.151399717,41.085337117],[-5.148869888,41.08953678],[-5.148586101,41.092154230000006],[-5.143449462,41.097122989000006],[-5.142605856,41.096445118000005],[-5.140413784000001,41.096774129],[-5.139512668,41.099826386000004],[-5.129165847,41.105377642],[-5.127934551,41.118136656000004],[-5.126619926,41.125744940000004],[-5.124043254,41.135601231],[-5.1189296220000005,41.136262813],[-5.112988557,41.136389905],[-5.112815619,41.135456333],[-5.111443208000001,41.135013112],[-5.110145847,41.136910361000005],[-5.107311376,41.139177984],[-5.1060275530000006,41.139642802000004],[-5.102311953,41.142683002000005],[-5.101808782,41.144835882],[-5.100129448000001,41.147100271],[-5.086867924,41.14337803],[-5.083538801,41.1428528],[-5.081837431,41.141802685],[-5.07599483,41.139404081],[-5.070941032,41.138963583000006],[-5.067990742,41.138350030000005],[-5.059861586,41.138621717],[-5.052238054,41.140973499000005],[-5.040783277,41.146211944],[-5.0296484050000005,41.150290698],[-5.0268556140000005,41.151699941000004],[-5.024632207000001,41.152252436000005],[-5.021776346,41.153554578000005],[-5.023913642,41.156786678],[-5.015586187,41.162336968000005],[-5.013913477,41.162204092],[-5.014369503,41.163862452000004],[-5.013856917,41.164249717000004],[-5.010938461,41.161967829000005],[-5.007493561,41.161955851],[-5.007057425,41.160162006],[-5.006128765000001,41.159412567000004],[-5.0051751410000005,41.159798464000005],[-5.004445444,41.158928454000005],[-5.002486693000001,41.159575008000004],[-4.997186034,41.160459655000004],[-4.98973546,41.160804747],[-4.987861537000001,41.157954778000004],[-4.987718579,41.155984657000005],[-4.984817008,41.155800491],[-4.982572973,41.154893367],[-4.984542703000001,41.152238344000004],[-4.977349598,41.151209086],[-4.976164998000001,41.151841905000005],[-4.971287813,41.15133998],[-4.967610464000001,41.152303566],[-4.964686025000001,41.149750366],[-4.964770963,41.147407023],[-4.9629685640000005,41.140114813000004],[-4.95981641,41.13869127],[-4.954196897,41.139633395000004],[-4.950809249000001,41.140708623],[-4.945141933,41.137624845000005],[-4.942128384,41.133613369],[-4.940811296000001,41.1325817],[-4.931016595,41.129269408000006],[-4.928906605,41.127188015],[-4.927571262000001,41.126741976000005],[-4.923826172,41.124138375],[-4.921557963000001,41.123969047],[-4.9090186860000005,41.118763997],[-4.907114713,41.119236881],[-4.905015684,41.118731165],[-4.903349306,41.117533703],[-4.903150319,41.116005733],[-4.901879956,41.114495454],[-4.899876176,41.114807746000004],[-4.8941113220000005,41.113137220000006],[-4.889774573,41.109344257000004],[-4.886474635,41.10805623],[-4.880941944,41.104471651000004],[-4.8789413260000005,41.10530596],[-4.875463498,41.103191828],[-4.874566078,41.103458642],[-4.871762854,41.100351605],[-4.870248239,41.100268112],[-4.870422072,41.099679804000004],[-4.872657971000001,41.099166088000004],[-4.872109648,41.097886931000005],[-4.870067398000001,41.096830192000006],[-4.867959499,41.096395997],[-4.863677237,41.094015309],[-4.863056002,41.095205337],[-4.860546063,41.097398684000005],[-4.8584233470000004,41.09854987],[-4.857976702,41.099601942],[-4.855555557000001,41.100730865],[-4.853206802,41.099777846],[-4.846558056,41.100470095000006],[-4.839925363,41.100035772000005],[-4.837502565,41.099407887000005],[-4.834639811000001,41.099228327000006],[-4.8325563140000005,41.099666827],[-4.827957769,41.099154399],[-4.814966066,41.103449229000006],[-4.818900936,41.107953977],[-4.817544214000001,41.109713841],[-4.817250377000001,41.111150665000004],[-4.818214166000001,41.111982158],[-4.8177227270000005,41.114890316],[-4.817047922,41.116765507000004],[-4.8133931190000006,41.122020404000004],[-4.812273766000001,41.126361596],[-4.813524205,41.129377423],[-4.808714245,41.132515586000004],[-4.805844272,41.135163768000005],[-4.804156128000001,41.13573067],[-4.796127839,41.135793093000004],[-4.789007429000001,41.139894213000005],[-4.786187731,41.14355897],[-4.778755606000001,41.144998091000005],[-4.7713945540000005,41.144219807000006],[-4.7670787930000005,41.142358507000004],[-4.7489254370000005,41.149742504],[-4.739157008,41.148962665],[-4.73739588,41.150412433],[-4.72900398,41.150772939],[-4.722101765000001,41.149318071],[-4.720366961,41.145407716],[-4.719653537,41.140905602000004],[-4.719949226000001,41.134893163],[-4.716721456,41.132644398000004],[-4.71942533,41.130343171],[-4.723810298,41.128557186],[-4.724616998,41.125698727],[-4.724561127,41.122655013],[-4.722190712000001,41.118556012],[-4.7214460250000005,41.116495405],[-4.718327476000001,41.112920925000005],[-4.716439442,41.111309694],[-4.715123966,41.110644711],[-4.716064921,41.104244313],[-4.710029313000001,41.099271785],[-4.712791493,41.0946729],[-4.713344408,41.091665141],[-4.717885020000001,41.090003179],[-4.717149374,41.089185445000005],[-4.715866624,41.089303639],[-4.71176768,41.088716062],[-4.707346734000001,41.089484255],[-4.707149803,41.088775571],[-4.709061708,41.085369364],[-4.712414556000001,41.083824315],[-4.713465230000001,41.08302503],[-4.714644428000001,41.078927029],[-4.715041098,41.076326925000004],[-4.714712006,41.074656402],[-4.714979482,41.073040052],[-4.716512816000001,41.071585005],[-4.714253538,41.06708779],[-4.713193798000001,41.062942012],[-4.712719774,41.062102338],[-4.707799294,41.0577526],[-4.706059873,41.055832707],[-4.705435847,41.054247585000006],[-4.703247153,41.052433382000004],[-4.702070451,41.05294619],[-4.7002588890000006,41.051910026],[-4.699279828,41.051780344],[-4.695664472000001,41.052320012],[-4.688045196,41.052170648],[-4.680136083000001,41.050917061],[-4.671680390000001,41.046860456000005],[-4.66777557,41.045358698],[-4.665667909000001,41.045290095000006],[-4.663554443000001,41.043573126000005],[-4.659587497,41.041477475],[-4.659667168,41.040386394],[-4.652779808,41.034243014000005],[-4.651188513,41.033401080000004],[-4.6450814860000005,41.031308538000005],[-4.638289155000001,41.031306202],[-4.638912587,41.030063277],[-4.639530918,41.030054483],[-4.627231912,41.016545985],[-4.6227867300000005,41.009384416],[-4.623594397000001,41.006922921000005],[-4.621139494,41.006218837000006],[-4.617247905,41.003652237000004],[-4.6180397520000005,41.000173117],[-4.618237714,40.997449980000006],[-4.6123248640000005,40.986552311000004],[-4.6122340930000005,40.98282434],[-4.608861194,40.973647435000004],[-4.606747991000001,40.970803403000005],[-4.595955203,40.965800820000005],[-4.592951165000001,40.965905421],[-4.585313771,40.963083133000005],[-4.575583038,40.960649275],[-4.574481954,40.959817575],[-4.573523989,40.958506492000005],[-4.572356490000001,40.955874097000006],[-4.56939281,40.956662132000005],[-4.566351967,40.956199041000005],[-4.565061711,40.952379192],[-4.567888381,40.950827459],[-4.567760837000001,40.945433451],[-4.566822623,40.945446203],[-4.561894641,40.940495652],[-4.558358368,40.94014715],[-4.559466418,40.938771974000005],[-4.558705108000001,40.935188108000006],[-4.559281165000001,40.913200953],[-4.557326762000001,40.910876285],[-4.554478927,40.909941846],[-4.5531625710000005,40.90899573],[-4.5536192380000005,40.908214894000004],[-4.552449994000001,40.907464962000006],[-4.55640058,40.903277058],[-4.5563589040000005,40.902511943],[-4.555177291000001,40.901230735000006],[-4.555079935,40.900115059],[-4.555551091,40.897928775000004],[-4.555173165,40.894970246],[-4.555308312,40.89364425],[-4.556167643,40.891308598],[-4.559048688,40.887621456000005],[-4.559564955,40.885848915000004],[-4.558275071000001,40.885001584],[-4.55720191,40.884790878000004],[-4.556690065000001,40.884221277],[-4.551917005,40.882114675000004],[-4.550895005,40.879516107],[-4.547547796,40.878480106000005],[-4.544236996,40.876452641],[-4.543148859,40.876611331],[-4.543168353,40.875917455],[-4.540853788000001,40.874876446],[-4.538589284,40.874969729],[-4.535313278,40.872374037],[-4.5348361100000005,40.869696003],[-4.535604549,40.865461021],[-4.535026038000001,40.864558911],[-4.5335920220000006,40.864118576],[-4.533583324,40.863226899000004],[-4.531567416000001,40.858641576000004],[-4.533082725,40.857981878000004],[-4.535932666,40.855007353000005],[-4.53747782,40.855644355],[-4.538501748000001,40.855288399],[-4.539742503,40.855587126],[-4.540171716000001,40.85465357],[-4.541988185,40.854710376],[-4.546758916,40.853754713],[-4.548290935000001,40.853824242],[-4.5488940200000005,40.853230625],[-4.5498578080000005,40.8533528],[-4.551988212,40.850594728000004],[-4.553642789,40.849311334],[-4.557883674,40.840948741000005],[-4.558919423,40.839592552],[-4.556621193000001,40.838191307],[-4.556708235,40.836334477],[-4.555299747,40.835443661],[-4.554685203,40.833506207],[-4.552973025,40.831286266],[-4.549993383,40.828614922],[-4.547433235000001,40.827144948000004],[-4.546388115,40.825546524],[-4.541699926000001,40.82741988],[-4.5346391310000005,40.828757124],[-4.533902639,40.828703862000005],[-4.528620608000001,40.826431877000005],[-4.524620996,40.825773164000005],[-4.520976098,40.826622988000004],[-4.517991412000001,40.828346800000006],[-4.516235357,40.828306835],[-4.514397592,40.829366896],[-4.514429087,40.829708788000005],[-4.511825519,40.830472585],[-4.5116742510000005,40.830078214000004],[-4.508820620000001,40.831322645],[-4.508401824,40.830112036],[-4.507971341,40.829955519],[-4.507070702,40.829985303],[-4.506587595,40.831171666],[-4.503258736,40.830809725],[-4.501596527,40.830200808],[-4.500809080000001,40.830517327],[-4.499439296,40.83288624],[-4.4986942700000006,40.833508469],[-4.49753719,40.833739688],[-4.493772582,40.833518249],[-4.493217986,40.830471695],[-4.491102307,40.827085006000004],[-4.490287965,40.825140779],[-4.4868336300000005,40.820203886],[-4.486611569,40.815567591000004],[-4.486109907,40.814339947],[-4.483032426,40.811379852],[-4.476889639,40.807576155],[-4.477093015,40.805519706000005],[-4.476830984,40.803325085000004],[-4.4764403690000005,40.802816622],[-4.474015347,40.801442362],[-4.473178424,40.800047785000004],[-4.477244468,40.796842967],[-4.479388461,40.795707502],[-4.480571552000001,40.794539291],[-4.481290112,40.792737455],[-4.48156038,40.78836505],[-4.481154862,40.786649705],[-4.480575144,40.786161698],[-4.476733559,40.784481362],[-4.4742558400000005,40.783909498],[-4.4726546140000005,40.782776902],[-4.472496733,40.782067274],[-4.473339252000001,40.779435154000005],[-4.474633273,40.776860316000004],[-4.4738379870000005,40.774654481000006],[-4.4719752360000005,40.772399205],[-4.467068845,40.769128678],[-4.46452656,40.766125232],[-4.463056214,40.763369379000004],[-4.460839829,40.760622951],[-4.459888258,40.758824357],[-4.454451835,40.754533055],[-4.444899057000001,40.751572251000006],[-4.4433527040000005,40.750726816000004],[-4.438724157,40.749766682],[-4.4376178170000005,40.748996757],[-4.435561928,40.746482042000004],[-4.431127117,40.742384344],[-4.430521345,40.736221247],[-4.429014216000001,40.734969760000006],[-4.428691365000001,40.734271117000006],[-4.4285725650000005,40.732038555],[-4.426886659,40.729618185],[-4.4302187260000006,40.728171671000005],[-4.430613087,40.726680431000005],[-4.430571013000001,40.723609154],[-4.432311886,40.721966091000006],[-4.43274817,40.7196726],[-4.4323289280000004,40.717236592],[-4.433301631,40.717323609000005],[-4.435662201,40.715879996000005],[-4.435222152000001,40.713029881000004],[-4.4338636970000005,40.70985787],[-4.434684314,40.706172341000006],[-4.432284647,40.704670746000005],[-4.431906027,40.704125944000005],[-4.423428296,40.675647752],[-4.422106663,40.675258668000005],[-4.421588199,40.669788049000005],[-4.420805725,40.666924053],[-4.4207876630000005,40.663284937],[-4.420017898,40.660456798000006],[-4.419250848,40.654962164000004],[-4.419185964,40.649107568000005],[-4.419838465000001,40.63859586],[-4.419622579,40.633427738],[-4.414600135000001,40.63301192],[-4.408560828000001,40.634283839000005],[-4.405134961,40.634442678],[-4.393971076000001,40.633244725000004],[-4.3895575540000005,40.634243788],[-4.386462016,40.636082662],[-4.384860152,40.636390149],[-4.381021391,40.636030739000006],[-4.3756343410000005,40.636284206],[-4.369458689,40.636141398],[-4.362448839000001,40.638007968000004],[-4.359425711,40.638214752],[-4.3533608500000005,40.637123897],[-4.346680223,40.637156927],[-4.34171829,40.63680027],[-4.332631256,40.637130652],[-4.33271168,40.637607171],[-4.334960358,40.639481988],[-4.330383065,40.643615603],[-4.328137354,40.647262826],[-4.3206293790000005,40.647375922],[-4.312713064,40.648755074],[-4.300581276,40.651522929],[-4.2903188860000006,40.652079975],[-4.2876515180000006,40.652934761000004],[-4.283313341,40.652985598],[-4.277462464,40.652454753],[-4.272852923,40.653008227],[-4.270489754000001,40.652832815000004],[-4.267000949000001,40.653130502],[-4.26219501,40.651708514],[-4.257795646,40.651749023],[-4.256038872,40.651460684],[-4.255620819000001,40.6542392],[-4.2541175760000005,40.658692107],[-4.253876395000001,40.661891008000005],[-4.259905702,40.665817128],[-4.266511056000001,40.672251552000006],[-4.267442717000001,40.674546489],[-4.271764977,40.676180027],[-4.2734377640000005,40.676425629],[-4.274158227,40.677090428],[-4.273987336,40.679942647000004],[-4.273432831,40.681272993],[-4.27221733,40.682070117],[-4.265552401,40.685053053000004],[-4.263304161000001,40.685690239],[-4.258539773,40.685940446000004],[-4.25680172,40.686653019000005],[-4.252903033,40.689533022],[-4.2523560520000006,40.689394822000004],[-4.251413599,40.688360068],[-4.245418562,40.689902254],[-4.244643595,40.689595316],[-4.242730774,40.689832119],[-4.240502784,40.689666898000006],[-4.238403784,40.688158005000005],[-4.237253073000001,40.688008190000005],[-4.233383932000001,40.688689180000004],[-4.2323355650000005,40.688313013000005],[-4.226214305,40.689450181000005],[-4.2194863840000005,40.691728491],[-4.217301244000001,40.691967751],[-4.2154849830000005,40.6929688],[-4.211720511,40.693575897],[-4.207677949000001,40.693861478],[-4.206371582,40.693613891000005],[-4.202604055,40.694716185000004],[-4.199878652000001,40.694537347],[-4.198853826000001,40.694809236000005],[-4.194178804,40.694812641000006],[-4.190286758,40.696249133],[-4.187616649000001,40.695853233],[-4.1842321060000005,40.697887864],[-4.183311758,40.698050443],[-4.179474900000001,40.695927687],[-4.1789524,40.6951583],[-4.177453441,40.694723176000004],[-4.1776932250000005,40.694225268000004],[-4.177060032,40.693889405],[-4.172266556,40.692532862],[-4.172111464,40.693138001],[-4.164668638,40.693231339],[-4.160234294,40.68982278],[-4.164100035000001,40.687487893000004],[-4.171566939,40.680626313000005],[-4.172744271,40.677650583],[-4.173521164,40.673976252],[-4.1735461,40.667162905000005],[-4.169958839,40.66451208],[-4.168873533,40.663333050000006],[-4.168931595,40.656831035],[-4.1665736650000005,40.652663225000005],[-4.1671413180000005,40.651231443],[-4.169238772,40.650099477000005],[-4.169344604,40.649521861000004],[-4.167941693,40.647911828000005],[-4.167589247,40.646751672],[-4.167922455,40.643760900000004],[-4.169127927,40.642505528],[-4.170155702000001,40.642054962],[-4.171752581000001,40.638426986000006],[-4.170707515,40.635980870000004],[-4.170696319,40.634621957],[-4.170841158,40.633916743],[-4.1728450530000005,40.631391048000005],[-4.172852715,40.630362196],[-4.172169838,40.629082350000004],[-4.169596884000001,40.627209254],[-4.168874646,40.626134910000005],[-4.162830169,40.62569622],[-4.161182832000001,40.623464891000005],[-4.17675104,40.61615544],[-4.186718728000001,40.614532999000005],[-4.196267382,40.611878244],[-4.207022054,40.608087459000004],[-4.209543463,40.607773169000005],[-4.214347468000001,40.605434596],[-4.218416923,40.605557504000004],[-4.220284062,40.605171151],[-4.2216368520000005,40.604398964000005],[-4.225368958000001,40.603947746],[-4.23997719,40.602528329],[-4.245438812000001,40.602446971],[-4.257406951,40.603867708],[-4.2621407730000005,40.605179983],[-4.266566588,40.610824218000005],[-4.267219164,40.614521181],[-4.2711906420000005,40.623934131000006],[-4.271101687000001,40.62902274],[-4.275195411,40.629377988],[-4.278371326,40.63052531],[-4.284129555000001,40.631305806],[-4.283738184000001,40.629052998000006],[-4.287479746000001,40.628984513000006],[-4.290708751,40.627823412000005],[-4.28917943,40.627243223],[-4.289355138,40.62580441],[-4.288551773,40.624852169],[-4.288934653,40.624103797000004],[-4.28854268,40.622778518000004],[-4.289245786,40.621222115],[-4.288922975,40.62005011],[-4.289522187,40.619179509000006],[-4.288544721,40.617283318000005],[-4.289264946,40.616128501000006],[-4.288658696000001,40.614415544],[-4.2891459240000005,40.613256119],[-4.289192298000001,40.611608848],[-4.290472031,40.609617194],[-4.290061206,40.607676842000004],[-4.2888774320000005,40.606477507],[-4.286876596,40.605937679],[-4.284583704,40.606008239000005],[-4.282530322,40.604942821],[-4.281463295,40.604958265],[-4.2788642260000005,40.604156477000004],[-4.278572449,40.603172371],[-4.278868389,40.600838587000005],[-4.280405954,40.599284701],[-4.281776246000001,40.597082232000005],[-4.283475322,40.595639119000005],[-4.283133516,40.595006912],[-4.283408605,40.594250742],[-4.282715941,40.593377398],[-4.28236239,40.592129135],[-4.282984219,40.591398844000004],[-4.283044118,40.590142387],[-4.281830453,40.589768491],[-4.2811784170000005,40.588853247],[-4.283105494,40.587107624000005],[-4.282460094,40.585982414],[-4.2826050250000005,40.585342098000005],[-4.285381429,40.582664528],[-4.285383696,40.580374525],[-4.286837579,40.575778384],[-4.2868048110000005,40.57456079],[-4.289017691000001,40.571113765],[-4.288433338,40.569965382],[-4.288923314000001,40.569087887],[-4.288706125,40.567433631],[-4.289521272,40.566327290000004],[-4.289261821,40.564194253000004],[-4.292820508,40.562696896000006],[-4.297541919,40.562393545],[-4.303958897,40.559807949],[-4.306170582,40.558498357000005],[-4.307238589000001,40.55851151],[-4.310158589,40.557431658000006],[-4.311252591000001,40.556961619],[-4.312636789,40.554054156],[-4.316853986,40.553251282000005],[-4.321271685,40.550637043],[-4.323703856,40.549582245],[-4.324334622,40.548629122],[-4.323598969,40.545094477],[-4.324099559,40.542450133],[-4.323996804,40.540409967],[-4.325165286,40.538105698],[-4.326201381000001,40.537235299],[-4.327737156,40.535121374],[-4.328217936000001,40.533757357000006],[-4.323124842,40.532341052],[-4.321237213,40.532355433],[-4.320571736000001,40.532076563000004],[-4.320127066,40.530595224],[-4.320150024,40.529238268],[-4.321188124,40.526910299],[-4.320772533,40.526006981],[-4.321442353,40.523203958],[-4.3208942740000005,40.520000455],[-4.321115198,40.518025045],[-4.322927226,40.51634674],[-4.32272841,40.515179696000004],[-4.3234321090000005,40.514468971],[-4.3236961130000005,40.513128169000005],[-4.325559077,40.5118285],[-4.3260972870000005,40.510329599],[-4.327403455000001,40.509529958],[-4.327456051,40.509024871],[-4.32692417,40.508028317000004],[-4.327372174000001,40.50722501],[-4.326762993,40.506796886000004],[-4.325382212,40.506921729000005],[-4.32416397,40.506489762],[-4.324078259,40.505732217],[-4.324527310000001,40.504381183],[-4.32256093,40.501608317000006],[-4.322797225,40.500840780000004],[-4.3246683610000005,40.498772592],[-4.324108613,40.497432205],[-4.324759479,40.496624777],[-4.3244987550000005,40.495907970000005],[-4.324807113,40.494906273000005],[-4.32413294,40.494226633000004],[-4.325096513,40.492340883000004],[-4.324223298000001,40.491559023],[-4.324767085,40.490049241],[-4.324219775,40.488917712],[-4.324602662,40.487987231000005],[-4.324151777,40.486958196],[-4.324444851,40.485900820000005],[-4.324061333,40.484035906],[-4.324236895,40.483303288],[-4.323980286,40.482072034000005],[-4.32342253,40.48136583],[-4.3240706410000005,40.47934406],[-4.3236174720000005,40.478375407],[-4.323895893,40.477534408000004],[-4.322765401,40.475353723000005],[-4.321448695,40.474562499],[-4.320454162,40.471185679],[-4.319603876,40.470955754],[-4.320239188,40.469725115],[-4.3176385900000005,40.469443981000005],[-4.317098516000001,40.469090686],[-4.317294136,40.467993896],[-4.318580618,40.466584679],[-4.318566270000001,40.466212781],[-4.316629976000001,40.465573606],[-4.3156788530000005,40.464765542],[-4.320110735,40.462379054],[-4.318644484,40.461042672000005],[-4.318018783,40.459985873],[-4.317871375,40.459081273],[-4.3186225920000005,40.458353809],[-4.320245291,40.458406461],[-4.322156469,40.460180065],[-4.324594331,40.460599897],[-4.325241468000001,40.460100603],[-4.326031078000001,40.458209623],[-4.325775684,40.456796376],[-4.3248769970000005,40.456075166000005],[-4.323768499000001,40.456380647],[-4.322392433,40.456272974],[-4.320083516,40.455563343],[-4.319380937,40.454131763],[-4.319704450000001,40.451980383000006],[-4.32144622,40.450051533],[-4.322556613000001,40.449426241000005],[-4.326645332,40.449381202000005],[-4.32937424,40.448311148],[-4.331472736,40.449002298],[-4.332225151,40.44876661],[-4.332158991,40.448342159],[-4.330323097,40.446734512],[-4.330272634,40.445011715],[-4.331436505,40.444355994000006],[-4.333356215,40.444478012000005],[-4.334807574,40.44399191],[-4.335072594000001,40.443560032],[-4.334059743,40.442427608],[-4.331642085,40.441626669],[-4.331268384,40.441092246000004],[-4.333861197,40.440793002],[-4.334878871,40.439725428],[-4.336666131,40.440131797],[-4.3380038480000005,40.439926240000005],[-4.338479374,40.439587411000005],[-4.338799423,40.438245901],[-4.340515301,40.437967469],[-4.340643577000001,40.437361492],[-4.33929595,40.435042932],[-4.339842927,40.432780793],[-4.339109952,40.431786605],[-4.339027326,40.430829927000005],[-4.339422706000001,40.430257793],[-4.340998020000001,40.429441356000005],[-4.341251652,40.428678072000004],[-4.340782182,40.428188933],[-4.337539557,40.428151712],[-4.33595023,40.427544873],[-4.335516833000001,40.427208445000005],[-4.334584986,40.424733673000006],[-4.332443813,40.423873699000005],[-4.331455129,40.422753579],[-4.330516942,40.422280604],[-4.329408293,40.42230957],[-4.327996043000001,40.423444692000004],[-4.3269302750000005,40.423797459],[-4.324429301,40.423879282],[-4.323497006,40.423464739],[-4.323214676,40.422591411],[-4.324106658,40.421671311000004],[-4.324207777000001,40.421117011],[-4.324087455,40.417984218],[-4.324992934,40.416493697],[-4.326682912,40.41486084],[-4.3268073650000005,40.413875648],[-4.3262758240000005,40.412795280000005],[-4.324935755,40.412795325000005],[-4.321088525,40.410308756],[-4.323530367,40.410181740000006],[-4.3302723510000005,40.408298117],[-4.33559475,40.409441256],[-4.338805586,40.411013109],[-4.3434854210000005,40.411889451],[-4.348589294,40.411447172],[-4.350173246000001,40.41162148],[-4.351947494,40.411351208],[-4.353371611,40.411606618],[-4.359578628,40.411344629000006],[-4.364135812000001,40.408582016000004],[-4.3656323630000005,40.406881505],[-4.367447867,40.407436617],[-4.370285856000001,40.407385909000006],[-4.373236484,40.407659013],[-4.373577621,40.407918019],[-4.374574622,40.407569244],[-4.378154621,40.407265383],[-4.387283573,40.409461589],[-4.3908612840000005,40.409560055],[-4.3942670260000005,40.410405510000004],[-4.397573134,40.410532266000004],[-4.3994224630000005,40.411109887],[-4.403140109000001,40.411131506000004],[-4.414947631,40.409810197000006],[-4.4160757440000005,40.409146857],[-4.417098957,40.407191131000005],[-4.417857164,40.406425101],[-4.420705745,40.406601848],[-4.421730258,40.406228907],[-4.4225916000000005,40.404150801],[-4.423670262,40.403217732],[-4.4230522400000005,40.401681233000005],[-4.424216092,40.402109238],[-4.425377951000001,40.402050781],[-4.4259722560000005,40.400504755],[-4.427945063,40.40068131],[-4.4294279240000005,40.40031255],[-4.429922712000001,40.398801967000004],[-4.430385204,40.398383646],[-4.43255,40.398169469],[-4.433233136,40.396932208],[-4.433257657,40.396087781000006],[-4.4352673860000005,40.394678208],[-4.437206150000001,40.394036129],[-4.437756893,40.392008614000005],[-4.438471334,40.391308756],[-4.437042926,40.390568874],[-4.437425697,40.38967495],[-4.438329036,40.388994366000006],[-4.441938723000001,40.388761136],[-4.442369788000001,40.388367482],[-4.44140987,40.387662349],[-4.441370904,40.387215999000006],[-4.443393228000001,40.386416925000006],[-4.443729012,40.385700139],[-4.4431298560000005,40.384950879],[-4.443572946000001,40.384073299],[-4.443525451,40.383448682],[-4.441363836,40.38273782],[-4.441532994,40.381941137000005],[-4.439805795,40.379497845],[-4.441241872,40.378506109],[-4.440886622,40.377091650000004],[-4.440034801,40.376752717],[-4.441331609000001,40.37530867],[-4.440859347,40.37404071],[-4.440851339,40.371839058],[-4.441203273,40.370886947],[-4.440698311,40.370128390000005],[-4.4417547200000005,40.368021584000005],[-4.44070867,40.367129228],[-4.440696473,40.366722182000004],[-4.440815429000001,40.366113506000005],[-4.441416213,40.365787109],[-4.441430894000001,40.364153628000004],[-4.441869362,40.362677024],[-4.4410595100000005,40.362198838000005],[-4.439716755,40.362080426000006],[-4.439175878,40.361567348],[-4.439401835,40.360562755000004],[-4.440490972,40.360109567],[-4.441208177,40.359169121],[-4.440790237,40.35840047],[-4.440952984,40.357581342],[-4.440345394,40.357197025000005],[-4.439977978,40.355757484],[-4.438991623000001,40.354782391],[-4.438641657000001,40.352721018000004],[-4.439502674,40.352177885],[-4.439120929,40.351502468],[-4.439432555000001,40.350762572],[-4.439994758,40.350621340000004],[-4.442090301,40.348610589],[-4.442736193,40.348474610000004],[-4.44302972,40.347440338000006],[-4.444872512,40.346726359],[-4.44773599,40.347274331],[-4.4497750300000005,40.346819975],[-4.450598436,40.345188062000005],[-4.452027407,40.344619695000006],[-4.452798023000001,40.345031634],[-4.453836691,40.344711384],[-4.454736294,40.345043311000005],[-4.456094370000001,40.345012712],[-4.45644531,40.344413711],[-4.458264758,40.344102508000006],[-4.459599097,40.342971287000005],[-4.459871254,40.342105708000005],[-4.460596193000001,40.341381256000005],[-4.460604109,40.340710898000005],[-4.461321163,40.339785648],[-4.459978357000001,40.338296323],[-4.455675343,40.335293305],[-4.453813446,40.333094414],[-4.453083252,40.329559951],[-4.45316371,40.324758653],[-4.456170335,40.320827482000006],[-4.45576083,40.319351579],[-4.461321672,40.319293552000005],[-4.464964334,40.318436508000005],[-4.467285864,40.320209225],[-4.472474739,40.320265284],[-4.485299063,40.32113855],[-4.487282257,40.320535786],[-4.490552536,40.320274786000006],[-4.491140843,40.320523326],[-4.492502281,40.319091559],[-4.494678648000001,40.318512123000005],[-4.494958442000001,40.317857168],[-4.496851511,40.317562427000006],[-4.49724091,40.316435787],[-4.499205478,40.315491445],[-4.500505952,40.315544856],[-4.5026529570000005,40.314870157],[-4.5036339540000005,40.315490248],[-4.504883189,40.315340741],[-4.513036041,40.321167783],[-4.515476636000001,40.326452305000004],[-4.516283149,40.327566489000006],[-4.515793556,40.328585852],[-4.515893088,40.329141292],[-4.518644403000001,40.330733099],[-4.518771736000001,40.331844916],[-4.520082868,40.332883525],[-4.5202552140000005,40.334426271000005],[-4.521006578000001,40.335540693000006],[-4.522359172000001,40.336219278],[-4.523141479,40.337241388],[-4.527118648,40.337982804],[-4.527563877,40.339731028],[-4.526787497,40.344873413],[-4.529744182,40.344132739],[-4.535131675000001,40.341586909],[-4.539055567,40.34048992],[-4.54622523,40.341825157],[-4.547654394,40.340376256],[-4.543992607,40.334680287000005],[-4.54317394,40.332229106],[-4.542991468,40.330626174],[-4.544401433,40.33014971],[-4.543059854,40.330165810000004],[-4.540095462,40.327872042],[-4.540068087,40.325476066],[-4.539397356,40.323049015],[-4.539974961,40.321170197],[-4.536739599000001,40.315726859],[-4.537425045,40.310298946],[-4.536886014,40.308479118],[-4.535949358,40.307182576],[-4.535405474,40.305093441000004],[-4.531939293000001,40.299953907],[-4.531641639,40.297297536],[-4.529379145,40.293124839],[-4.531705929,40.290399507000004],[-4.534281943,40.289079809],[-4.534933369,40.288077491],[-4.53574343,40.287691973],[-4.540454997,40.287123937000004],[-4.543841167,40.285335587000006],[-4.5460770880000005,40.282634603000005],[-4.5471827540000005,40.280154098000004],[-4.549951957,40.280422433000005],[-4.5554139440000005,40.276850993000004],[-4.554152571,40.276363090000004],[-4.554554739,40.269823375],[-4.55664758,40.264372436],[-4.557795844,40.264137162000004],[-4.558748417,40.263163988],[-4.560091936,40.262726969],[-4.5609783660000005,40.261897008000005],[-4.563322147,40.261645550000004],[-4.564885744000001,40.260708212000004],[-4.565882876,40.260552382],[-4.566938722000001,40.259526393],[-4.568345956,40.259155081],[-4.568788455,40.258712153000005],[-4.56859488,40.257814790000005],[-4.569537537,40.257284353],[-4.5679069000000005,40.250217918000004],[-4.567640538,40.241319837000006],[-4.5671234080000005,40.239846678],[-4.5647962820000005,40.238847547000006],[-4.560649219,40.236095465000005],[-4.559615606,40.234286894],[-4.559328947,40.231269164000004],[-4.559796608,40.229980892],[-4.560906994000001,40.222793914],[-4.563466480000001,40.220787315],[-4.565676069,40.218188103],[-4.567265965000001,40.217977399000006],[-4.569712175,40.218208214],[-4.57508255,40.219769479],[-4.576645264000001,40.219298658],[-4.579076175,40.217196172],[-4.580566299,40.216776857],[-4.583931859000001,40.216900698],[-4.586560689000001,40.216217041],[-4.586818635,40.21526104],[-4.589323276,40.213717973],[-4.591323363,40.211953905],[-4.592374767,40.211404493],[-4.597437885000001,40.210174444],[-4.600360881,40.208153974000005],[-4.604209719,40.208073361000004],[-4.606605462,40.205075839],[-4.608561627,40.204031285],[-4.611162966,40.203851845],[-4.612391152000001,40.202033424],[-4.61355637,40.201126283],[-4.6167497420000005,40.199998597000004],[-4.620049242,40.200876949000005],[-4.622600757000001,40.200863006000006],[-4.625158278000001,40.201543326],[-4.629811688,40.201847611000005],[-4.635997494000001,40.200360444000005],[-4.6390272150000005,40.198427065000004],[-4.639939856000001,40.197038662000004],[-4.64275065,40.197692843000006],[-4.654295602,40.198047846],[-4.658069911,40.199448043000004],[-4.660568597,40.203280348],[-4.661943142,40.204526359],[-4.662823681,40.205917198],[-4.66559082,40.206948016000005],[-4.670152929,40.207373878000006],[-4.673942587,40.209511513],[-4.6801094590000005,40.206999446000005],[-4.681091353,40.207530701],[-4.682354239,40.20746923],[-4.682608162,40.208231522000005],[-4.682265706,40.208642024],[-4.683161406,40.209214753000005],[-4.686714212,40.210289478],[-4.687289880000001,40.212173523000004],[-4.685905545000001,40.213230037],[-4.68564588,40.218453141000005],[-4.686609742,40.219958568],[-4.687670722,40.22285962],[-4.687768014,40.224209988000005],[-4.688519385,40.225861076],[-4.688978939,40.229534655],[-4.688555173,40.232199233],[-4.687298114,40.233538492],[-4.686812982,40.235769425],[-4.689690301000001,40.238460685],[-4.693504416000001,40.241104671],[-4.692949774000001,40.242436959],[-4.691079439,40.244324455000005],[-4.6897437580000005,40.245141205],[-4.689370516,40.246347597],[-4.6872037760000005,40.249605736],[-4.690756297,40.251675079],[-4.69270963,40.253691454000005],[-4.694371295000001,40.253982445000005],[-4.694765179,40.254754192],[-4.701070761,40.256679243],[-4.701802444,40.257637765000005],[-4.702681146000001,40.260575248],[-4.703045755000001,40.262940821],[-4.702646533,40.263491766],[-4.698982688,40.263794393000005],[-4.693967532,40.265983127000005],[-4.695226045,40.267525959000004],[-4.695253395,40.269496684],[-4.6946198290000005,40.273280434],[-4.695831594,40.274931833000004],[-4.6971719080000005,40.278261589],[-4.697252951,40.280228895],[-4.698141369,40.282192458000004],[-4.709581958,40.280633634000004],[-4.7136779870000005,40.280842858],[-4.713476954,40.279909034],[-4.712436482,40.278277530000004],[-4.712508882000001,40.276157350000005],[-4.719563448000001,40.27548772],[-4.72627838,40.273563623],[-4.727709261,40.273665446],[-4.728603768,40.270516480000005],[-4.732177409,40.270913465],[-4.740291724,40.275016755],[-4.74262723,40.275278886],[-4.746878651,40.271836526],[-4.74979784,40.268738479],[-4.753323541,40.26409069],[-4.761590128,40.260902185],[-4.7663561780000006,40.261946598],[-4.778117072000001,40.265604132],[-4.778623327,40.266524239000006],[-4.779823638,40.267451685000005],[-4.781679572000001,40.267369068],[-4.782782111,40.268153851],[-4.783633933,40.269690204],[-4.783330248,40.270217384000006],[-4.786574431,40.271491598000004],[-4.793347748,40.272792145000004],[-4.794289583,40.273273015],[-4.7966281340000005,40.273200687],[-4.799409418000001,40.274301549],[-4.803469151000001,40.275265308],[-4.803953303,40.275156020000004],[-4.8040963340000005,40.274688489],[-4.80482238,40.274720593000005],[-4.805261285,40.274396462000006],[-4.805085911,40.273171172000005],[-4.806756770000001,40.27186918],[-4.8069927130000005,40.271217386000004],[-4.808099899,40.270196415],[-4.806846481,40.269249905],[-4.8073724900000006,40.268805483],[-4.807043024,40.267190273000004],[-4.8097188200000005,40.265379866],[-4.8113270450000005,40.263363328000004],[-4.810806178,40.26261239],[-4.810963588,40.262217515],[-4.809936458,40.258818600000005],[-4.813681176,40.257506138000004],[-4.8162313370000005,40.255888338000005],[-4.817755645,40.255341144],[-4.818111378,40.254788762000004],[-4.817624156,40.25422862],[-4.817844112,40.253761001],[-4.8161686260000005,40.252155561],[-4.815576623,40.250737113],[-4.8130247850000005,40.249245183],[-4.812811460000001,40.247866267],[-4.811729287,40.246737058],[-4.8121713680000004,40.246280765],[-4.810608859,40.244813261000004],[-4.811076378,40.2434882],[-4.81082908,40.242898647000004],[-4.811450345,40.241939549],[-4.811729701,40.24036677],[-4.809861544,40.240842438],[-4.809185909,40.239656339],[-4.8097506270000006,40.239025972],[-4.808697749,40.236905375],[-4.8069379020000005,40.236115971000004],[-4.806882374000001,40.235390981],[-4.8072886950000004,40.234739809000004],[-4.8086581090000005,40.234127418],[-4.810120611,40.234198160000005],[-4.813298747,40.232246004000004],[-4.815716175,40.231599987],[-4.8171793560000005,40.231798685],[-4.8212555130000005,40.230089067],[-4.822006108,40.228372333],[-4.821909903,40.227373435000004],[-4.820621229,40.224060529],[-4.820830347,40.222739225000005],[-4.822469721,40.221135026000006],[-4.8238538250000005,40.220259717000005],[-4.82563983,40.218217084],[-4.82878616,40.218011411],[-4.832028587,40.215770314000004],[-4.833025177000001,40.213879643000006],[-4.834894563000001,40.212224964],[-4.837304975,40.211650574000004],[-4.838857012,40.210025638000005],[-4.839966963,40.209641173],[-4.847667074,40.209206567],[-4.849564902,40.208645362000006],[-4.850645350000001,40.207860779],[-4.854296154,40.207380018],[-4.856332822000001,40.205944371],[-4.856716214,40.204202429000006],[-4.857665263,40.20353978],[-4.8592441090000005,40.203107015],[-4.861005254,40.203449985000006],[-4.861522427000001,40.204692554000005],[-4.862049372,40.205042401],[-4.864104973,40.204742317000004],[-4.866676255000001,40.202838484000004],[-4.869732462,40.201816771000004],[-4.871036639000001,40.200656208000005],[-4.8733476520000005,40.199883830000005],[-4.874105258,40.198559979],[-4.875379065000001,40.197550189000005],[-4.876271721,40.194328648],[-4.876458228000001,40.192413534],[-4.877195067000001,40.191472495],[-4.878714771,40.190766563000004],[-4.880278629,40.190466996000005],[-4.885278690000001,40.191233603],[-4.887199098,40.190808856000004],[-4.891216544000001,40.188364322000005],[-4.896171002,40.184471018],[-4.8987273280000005,40.183681155],[-4.900897592000001,40.183403714],[-4.903135474,40.180909443000004],[-4.904966472,40.179752969],[-4.906583508000001,40.177753926],[-4.910704719,40.175235570000005],[-4.915267099,40.174414836000004],[-4.91688101,40.172690344],[-4.924112613,40.170567882],[-4.924843931000001,40.170073159000005],[-4.924131604,40.169679190000004],[-4.923129495,40.167640717000005],[-4.923554811000001,40.164861649],[-4.9213459340000005,40.161406866],[-4.920923124000001,40.15998598],[-4.918469671,40.156224394000006],[-4.917844843,40.154022931],[-4.918071712000001,40.152360796],[-4.920659176,40.147832042000005],[-4.92170094,40.142794704],[-4.923223157000001,40.140396504],[-4.925398459,40.138145742],[-4.925286842,40.136273711],[-4.936852246,40.133741834000006],[-4.942876599,40.133345086000006],[-4.945201481000001,40.132415325000004],[-4.952958065000001,40.134233161000004],[-4.957403329,40.132924103],[-4.957679403,40.132185087],[-4.95959034,40.130524817],[-4.95557522,40.126604827],[-4.9593074,40.126106504],[-4.9550162900000005,40.121438543000004],[-4.960008256,40.121418007],[-4.96068288,40.12184595],[-4.963730807,40.122054162000005],[-4.967141306,40.121708805000004],[-4.970221852,40.120912802],[-4.975561164,40.118647859],[-4.979448446,40.117595704],[-4.980140560000001,40.11681988],[-4.982263529,40.115697917000006],[-4.985652745,40.115890955000005],[-4.9876438180000005,40.116451591],[-4.991538751,40.114970962],[-4.994735454000001,40.115044179],[-4.995132584,40.114900333],[-4.9966248570000005,40.112829270000006],[-4.998127452,40.112590047000005],[-5.005554071000001,40.110028628],[-5.009383759,40.110287042],[-5.011731934,40.111015657],[-5.0127254070000005,40.111628569000004],[-5.006301077000001,40.126347037],[-5.012657281,40.144485818],[-5.015391048000001,40.146348081],[-5.0156778520000005,40.148938289],[-5.015366503,40.151815807000006],[-5.0168813100000005,40.159114718000005],[-5.021621730000001,40.157808998],[-5.0291678520000005,40.157959391000006],[-5.034282343,40.156651927000006],[-5.038740296,40.154644448],[-5.039873619000001,40.153665303000004],[-5.0414730940000005,40.151408458000006],[-5.0420148750000005,40.151127469],[-5.047454578,40.15125968],[-5.052076329,40.152006912000004],[-5.052579577,40.151942838000004],[-5.052972356000001,40.150953889],[-5.054181006,40.149873698],[-5.055734569,40.149453864],[-5.059111245,40.150078151],[-5.060824672000001,40.151327828],[-5.0625559120000005,40.151797499000004],[-5.0641242580000005,40.151825107],[-5.0679254270000005,40.150534548],[-5.070461413,40.148811195],[-5.071339795,40.146578373000004],[-5.073164791,40.144519233000004],[-5.077438484,40.14248551],[-5.0787128500000005,40.141408675],[-5.078807965,40.140501150000006],[-5.077216327,40.137625431000004],[-5.077179257,40.136765189],[-5.077479358000001,40.13636073],[-5.079196963,40.136026098],[-5.083403000000001,40.136269524],[-5.085243928000001,40.135730605],[-5.085889604,40.135101240000004],[-5.0863509140000005,40.133875506],[-5.085838751000001,40.130907385],[-5.085845276000001,40.127231288000004],[-5.086393317000001,40.126106007000004],[-5.088720761,40.123966360000004],[-5.090183543,40.123487061000006],[-5.091129576,40.12356183],[-5.092276350000001,40.124370163],[-5.093251648000001,40.126173545],[-5.093991954000001,40.126847950000005],[-5.096546258,40.12777819],[-5.0984256530000005,40.127937255],[-5.101473374,40.127124221],[-5.1033390690000004,40.122730056],[-5.1049040990000005,40.12106395],[-5.105558332,40.119667765],[-5.1086675470000005,40.116360216000004],[-5.110337907,40.115018761],[-5.111700612,40.114018684],[-5.113637368,40.113382373],[-5.115666772,40.112138698],[-5.1192572190000005,40.108556869000004],[-5.120576124,40.10788062],[-5.1220732,40.107569850000004],[-5.123711609,40.105192672],[-5.124646898,40.104834407000006],[-5.125214942,40.104009459000004],[-5.126194599000001,40.103414995],[-5.1324495820000005,40.10038798],[-5.13531721,40.099715779],[-5.140594579,40.097486618000005],[-5.140804618000001,40.096870225],[-5.140351505,40.093781261000004],[-5.141074526000001,40.092104557],[-5.142916497000001,40.091485930000005],[-5.149345731,40.091085147],[-5.152877171,40.092934762000006],[-5.15479525,40.093200851000006],[-5.156534955000001,40.092654989],[-5.157582115,40.091814426],[-5.158906155,40.091697460000006],[-5.160860986,40.090614138],[-5.165026458000001,40.089638792],[-5.167037126,40.088539759],[-5.169736675,40.085971372],[-5.172367856,40.08532041],[-5.174471525,40.085751123],[-5.179249787000001,40.087842751000004],[-5.184128667,40.089223629],[-5.185358424,40.088768323000004],[-5.186645028,40.087505171000004],[-5.192668122000001,40.083301585],[-5.199861586,40.081925931],[-5.203087616,40.08273554],[-5.205448304,40.084109203000004],[-5.207406467,40.085901055],[-5.207292272,40.088359122],[-5.208228846,40.090039402],[-5.210995835,40.090904711],[-5.212197296,40.091895817],[-5.210669109,40.095261129],[-5.210697916,40.096079401000004],[-5.211266256,40.097219224],[-5.2108634380000005,40.098353812],[-5.211123585,40.101140252],[-5.210347162000001,40.102803293],[-5.210138105,40.105127216],[-5.212099051,40.105870309000004],[-5.214030824,40.107176595000006],[-5.2159164680000005,40.107732508000005],[-5.218405362,40.107890845],[-5.224842887,40.10709026],[-5.231406596,40.10749114],[-5.237340012000001,40.107149208],[-5.238893900000001,40.107283688],[-5.2413868820000005,40.108224296],[-5.247642206,40.108224368],[-5.24935085,40.108731358],[-5.251819344,40.108901156],[-5.254785640000001,40.107879469000004],[-5.256839269,40.108800542000004],[-5.259220169000001,40.108585206],[-5.260153289000001,40.109347161],[-5.26294925,40.10917321],[-5.265407227000001,40.111230491],[-5.266814001,40.111608274000005],[-5.268962828,40.111118687],[-5.269652372,40.11030135],[-5.271106596,40.109629509],[-5.272153670000001,40.109666254000004],[-5.273689245,40.110449013],[-5.274868612000001,40.110554803],[-5.2802152630000005,40.110012439],[-5.29500593,40.109576719],[-5.297222839000001,40.109365174000004],[-5.304325905000001,40.107027691],[-5.315837475,40.10703403],[-5.319494624000001,40.107792822],[-5.323353218,40.109777382000004],[-5.326744103,40.110952919000006],[-5.3280653000000004,40.112013552],[-5.328525734,40.112917356000004],[-5.329983695,40.113629482],[-5.332360253,40.114132307000006],[-5.334012882000001,40.114961726000004],[-5.335693035,40.115152963],[-5.335297199,40.117987013000004],[-5.3357404410000004,40.11904062],[-5.335721079000001,40.120032086],[-5.336574617,40.122033217],[-5.336425783,40.123310968000006],[-5.336822152000001,40.123920387000005],[-5.339907162,40.12521273],[-5.342755602,40.126980727],[-5.343983597,40.128356481000004],[-5.346660484,40.130249545000005],[-5.349736809,40.133388379],[-5.3505891210000005,40.139365942000005],[-5.352579481,40.141494636000004],[-5.35225228,40.144225456],[-5.352799914,40.144792360000004],[-5.355526072,40.145786913],[-5.35648001,40.147429605],[-5.356658679000001,40.149242075000004],[-5.356204443,40.150960576],[-5.356641175,40.152336253],[-5.357438539,40.152995499],[-5.360167809,40.15378513],[-5.359833182,40.156252919],[-5.361072777,40.157475104],[-5.3648824930000005,40.159218052],[-5.3670313830000005,40.159818304000005],[-5.367880442000001,40.160542039],[-5.368413208000001,40.161784607],[-5.368520063,40.16311391],[-5.368515104,40.164001506000005],[-5.367962937000001,40.165225248000006],[-5.366499482,40.166426316],[-5.367183037,40.168652741],[-5.367066230000001,40.169656399000004],[-5.365853733000001,40.171502993000004],[-5.364819841,40.173869087],[-5.365050824000001,40.176080461000005],[-5.363953671,40.178748687],[-5.364585548,40.181489447000004],[-5.366154067,40.182901313],[-5.365963795000001,40.183438705],[-5.365080773000001,40.183883557],[-5.364803343,40.184367318],[-5.36495204,40.18523922],[-5.366182286,40.187114409],[-5.366399115,40.188342361000004],[-5.366063839000001,40.190235533],[-5.366754628000001,40.193117666],[-5.3666347000000005,40.193894769],[-5.365612385,40.194823949],[-5.365606212,40.195244329000005],[-5.367470078,40.196919584],[-5.367448095,40.198156827000005],[-5.367143787000001,40.199217382],[-5.365364027,40.199035002],[-5.364279489,40.199460806000005],[-5.362737849,40.201307534],[-5.36289717,40.202989226],[-5.364441854000001,40.203719419],[-5.365463319000001,40.204952423],[-5.3663062,40.205183129000005],[-5.366799834,40.205579299],[-5.366957027000001,40.206447340000004],[-5.368605832,40.207505199],[-5.36848372,40.208815021],[-5.369795203000001,40.211065454],[-5.3691450640000005,40.212776401],[-5.370400472,40.215063556000004],[-5.370138917,40.216929273000005],[-5.368879941,40.218572206000005],[-5.367129323,40.218835381000005],[-5.36560971,40.219654412000004],[-5.36252153,40.222548141000004],[-5.361714573,40.224033193000004],[-5.359827088,40.225175017000005],[-5.359704423,40.226273092],[-5.358671888,40.226605331],[-5.35868284,40.227670281],[-5.357673996,40.228552640000004],[-5.357894693,40.229647390000004],[-5.357358127,40.231667584],[-5.355788845,40.233102526],[-5.355094435000001,40.234218873],[-5.353164715,40.240223212000004],[-5.3511465000000005,40.242017755],[-5.350812084,40.243075505],[-5.351089528,40.244784105],[-5.3496340920000005,40.248703526],[-5.349600393,40.249725671],[-5.348700408,40.252334278],[-5.347685912,40.25366554],[-5.3434932150000005,40.263369020000006],[-5.350138972000001,40.264754259],[-5.355163849,40.264187213],[-5.356959296,40.263363048],[-5.358918868,40.263040696000004],[-5.361819648,40.260318777],[-5.361911485,40.259748442],[-5.363537153,40.259042248],[-5.364256543000001,40.258164447000006],[-5.365462957,40.257512161],[-5.365490178,40.256485541],[-5.367859502,40.255344458],[-5.370481941,40.255737639],[-5.372035803,40.25667541],[-5.373663275,40.256929568000004],[-5.374297949000001,40.257326959000004],[-5.378314260000001,40.255254345000004],[-5.3809545750000005,40.255094735],[-5.3824052710000005,40.254160437],[-5.384008964,40.254101338000005],[-5.385279955000001,40.252542896],[-5.387916861000001,40.251600883],[-5.3899927110000005,40.251059049000006],[-5.393347547,40.251248291],[-5.3956498360000005,40.250295548000004],[-5.3976612390000005,40.250659242000005],[-5.400668743000001,40.251930047],[-5.403553389000001,40.252383612],[-5.408327317,40.254725468000004],[-5.411804356,40.255301591000006],[-5.424966818000001,40.253828375000005],[-5.429825034,40.252258156],[-5.430339297000001,40.248887434000004],[-5.433258531000001,40.245709361],[-5.433817811,40.244913915000005]]]]}},{"type":"Feature","properties":{"province_code":"19","name":"Guadalajara","ign_nationalcode":"34081900000"},"geometry":{"type":"MultiPolygon","coordinates":[[[[-3.186740409,40.278993840000005],[-3.184370615,40.282661688000005],[-3.181446391,40.288513284000004],[-3.1805353000000003,40.291887765000006],[-3.1814460070000004,40.295017076],[-3.1814754130000003,40.297672060000004],[-3.1802091590000003,40.302059724],[-3.182327808,40.304919579],[-3.1829101320000004,40.307932262],[-3.181506037,40.310086758000004],[-3.1806820310000004,40.312231332],[-3.1806144720000002,40.313386421000004],[-3.179792937,40.313812923],[-3.179670476,40.314236545],[-3.1783058900000003,40.315384608],[-3.1760150150000004,40.316085392000005],[-3.1675790310000003,40.323455614000004],[-3.1644195610000003,40.325336715000006],[-3.1621107750000004,40.326133647000006],[-3.162317411,40.327393750000006],[-3.15896962,40.329429019],[-3.154468045,40.331506260000005],[-3.1529048680000002,40.331583988000006],[-3.1513978920000003,40.335247311],[-3.151326659,40.338170010000006],[-3.15206249,40.33975559],[-3.154783821,40.340988999000004],[-3.155606638,40.342462725000004],[-3.15375576,40.343516550000004],[-3.1528203930000003,40.343298849],[-3.1516305580000004,40.345136482],[-3.15076592,40.345497067000004],[-3.1503847570000003,40.346184963000006],[-3.149904385,40.346202696000006],[-3.149624338,40.345752591],[-3.148589904,40.346011572],[-3.1485728060000002,40.34627106],[-3.1492250160000004,40.346218879000006],[-3.1493285170000003,40.346704346],[-3.147194792,40.347196247],[-3.146403471,40.348275646000005],[-3.146882327,40.349189486],[-3.1465328820000003,40.349870122000006],[-3.1455748910000003,40.350118169000005],[-3.1449100540000003,40.349787452],[-3.1439175390000003,40.349859848],[-3.14118363,40.350596524000004],[-3.1409459600000003,40.351263494],[-3.14117637,40.351643407000005],[-3.142071699,40.352390094],[-3.143113751,40.352336573],[-3.143867594,40.352986118000004],[-3.1440873340000004,40.35443904],[-3.1434224640000004,40.355232668],[-3.14378291,40.355834945000005],[-3.1429070180000003,40.355967551],[-3.1438032770000004,40.356560164],[-3.1434002850000002,40.358133671000004],[-3.149009205,40.360110510000005],[-3.1497917830000004,40.361445582],[-3.150575447,40.36486268],[-3.153429758,40.36770319],[-3.1519473430000002,40.368458293],[-3.1504456430000003,40.371168402],[-3.149384195,40.37163914],[-3.1500541290000004,40.373109489],[-3.145374174,40.373677561],[-3.1382878200000004,40.375542928],[-3.139698998,40.37666921],[-3.139718396,40.377514250000004],[-3.140745002,40.377779696000005],[-3.14038049,40.379829727],[-3.141575367,40.381689592],[-3.141593582,40.383088699000005],[-3.1432691420000003,40.383779471000004],[-3.1431034980000003,40.385130152],[-3.1435668010000004,40.385826898000005],[-3.1433441760000003,40.387534412],[-3.137734885,40.388760087],[-3.1354023200000003,40.390105185],[-3.1344684820000004,40.393950520000004],[-3.1349676890000002,40.396131995000005],[-3.1340962830000003,40.398221344],[-3.13409693,40.399749316000005],[-3.130557952,40.405184993000006],[-3.1372954720000004,40.408690014],[-3.142072998,40.412457398],[-3.1425562830000002,40.414168569000005],[-3.1442742420000003,40.416698064],[-3.1473651780000003,40.419587085],[-3.1478241290000004,40.423577597000005],[-3.150093484,40.425229706],[-3.1510097800000003,40.426437566000004],[-3.151311932,40.427129085000004],[-3.150944362,40.430959379],[-3.152272105,40.433171224000006],[-3.1539338750000003,40.434982605],[-3.1538883080000004,40.435687185],[-3.1547584690000003,40.436735611],[-3.154211102,40.437130937],[-3.155514605,40.43942444],[-3.1581477220000003,40.439542852],[-3.1592478290000003,40.439038646],[-3.162622342,40.438515073000005],[-3.1690408150000002,40.438787958000006],[-3.172640073,40.436262823],[-3.1731009190000004,40.437124322],[-3.1742538340000004,40.437960465],[-3.1773026210000004,40.439193743000004],[-3.182491733,40.44002631],[-3.1854356900000003,40.439918064000004],[-3.190094547,40.441252024],[-3.198596658,40.442252272000005],[-3.200462361,40.446336560000006],[-3.1992549670000003,40.451189203000006],[-3.1999842660000004,40.452153742],[-3.1987105540000003,40.460174130000006],[-3.199028809,40.462112369],[-3.2001945600000004,40.463847344],[-3.200161928,40.465576266],[-3.198721652,40.470783353],[-3.1953275580000002,40.478593626000006],[-3.1962584450000002,40.480908463000006],[-3.197230186,40.485616817],[-3.199157511,40.488209071],[-3.2006695150000004,40.494739914],[-3.202033664,40.495532156],[-3.201048074,40.499817719],[-3.19892024,40.50300792],[-3.199227478,40.506337171000006],[-3.198813629,40.508482956],[-3.199954903,40.514448437000006],[-3.202173014,40.516452028],[-3.206421273,40.518729257000004],[-3.206915237,40.519286041],[-3.216925292,40.523192112000004],[-3.2228572370000004,40.525955662],[-3.2244092380000002,40.527584214],[-3.224478206,40.52915076],[-3.226771192,40.53200668],[-3.2267012110000004,40.532965383000004],[-3.2277043360000004,40.535268839000004],[-3.2270605600000004,40.536243083],[-3.2314104890000004,40.539667833],[-3.232224705,40.539696448],[-3.2319780550000003,40.539203631],[-3.232663874,40.538106754000005],[-3.2323523030000003,40.536440701000004],[-3.231461077,40.534453282],[-3.2299286090000003,40.532416678000004],[-3.231186081,40.531732189],[-3.2324736150000004,40.532926018000005],[-3.23542986,40.532847076],[-3.2432875990000003,40.537102057000006],[-3.2468515960000004,40.542022491000004],[-3.249915085,40.544315949],[-3.251254035,40.543301343],[-3.2512201000000003,40.542116725],[-3.252802758,40.541552927000005],[-3.2540527260000003,40.542021372],[-3.2562050420000004,40.541898623],[-3.2582898030000003,40.540788592000006],[-3.2588865630000003,40.539973745000005],[-3.2674321290000004,40.537797603],[-3.269935212,40.536548559],[-3.271730604,40.536689415000005],[-3.273257509,40.536427270000004],[-3.2746456810000004,40.535154617],[-3.275514486,40.533646243],[-3.279514943,40.533660100000006],[-3.282053962,40.53516838],[-3.282903719,40.533943782],[-3.284348178,40.535158277],[-3.289322737,40.53155677],[-3.297126978,40.537521229],[-3.295004832,40.538983321],[-3.2940616350000003,40.540626818],[-3.2930558590000003,40.541407205000006],[-3.2919142040000002,40.543290891000005],[-3.2906458130000003,40.544420026000004],[-3.2850341330000004,40.547513116000005],[-3.2855534140000002,40.548483219000005],[-3.2831022340000002,40.550964458],[-3.286396254,40.554151518000005],[-3.2848280720000003,40.555717631],[-3.288395631,40.558638647],[-3.284816621,40.56139967],[-3.283094996,40.56359594],[-3.2871154710000003,40.565158026000006],[-3.2852700130000003,40.567812482],[-3.284068983,40.568976687],[-3.2870928370000003,40.57212906],[-3.286777942,40.572604669],[-3.287059997,40.572324636000005],[-3.2895587070000003,40.572158431000005],[-3.2926082410000004,40.573016367],[-3.296348119,40.575207235],[-3.297701163,40.57439783],[-3.299942927,40.576397282],[-3.3028653460000004,40.577961945000006],[-3.302686619,40.578288267000005],[-3.303938946,40.57854968],[-3.3051455790000004,40.578003994],[-3.308339461,40.579124203],[-3.316083803,40.584073461],[-3.32116355,40.589682483000004],[-3.328274952,40.594836459],[-3.3280073160000003,40.594944602000005],[-3.330334864,40.597369079],[-3.327750888,40.598928196],[-3.3307164850000004,40.600921224000004],[-3.3295541550000003,40.602619833000006],[-3.3314163530000003,40.603944259],[-3.3252485110000003,40.610057153],[-3.325609773,40.610935405],[-3.3216016440000002,40.61172474],[-3.3216438630000003,40.612192373],[-3.322543349,40.614131285],[-3.324300532,40.615693031],[-3.325406806,40.617828636000006],[-3.3262190350000003,40.618320042],[-3.32732002,40.618382710000006],[-3.3282062170000004,40.620213506000006],[-3.33267237,40.622727778000005],[-3.3359850900000003,40.623401112],[-3.3357703030000003,40.624661166],[-3.3385158390000003,40.625848666],[-3.3380572290000003,40.626113961],[-3.331859344,40.625916523],[-3.3236753350000003,40.629686382],[-3.324525361,40.633803740000005],[-3.3236558520000004,40.638380837],[-3.3226744960000003,40.640633065],[-3.320749417,40.644145521000006],[-3.3176716930000003,40.645822408],[-3.3138568310000003,40.649743495],[-3.3159868980000002,40.653467356],[-3.3164965270000004,40.655177616],[-3.3168611140000004,40.65198393],[-3.3194887800000004,40.650120922],[-3.3213136800000003,40.648112334000004],[-3.322366043,40.645837401],[-3.323767294,40.645043432],[-3.322382321,40.643813981],[-3.3234466040000004,40.643048878],[-3.3255920220000004,40.642567220000004],[-3.327170687,40.640587154],[-3.329281796,40.640846047000004],[-3.332294226,40.639460922000005],[-3.335749696,40.639901423000005],[-3.3361230390000003,40.641006623],[-3.3374451140000003,40.640981167],[-3.3370515660000004,40.63774455],[-3.3387754120000004,40.637670166],[-3.3388844200000003,40.636308618],[-3.345598163,40.63774285],[-3.346782444,40.638069041],[-3.345073299,40.641687559000005],[-3.3487686250000004,40.642955765],[-3.3542284860000002,40.644171619000005],[-3.3556859770000003,40.645353612],[-3.362153505,40.645830865],[-3.366318221,40.648031236],[-3.365339789,40.650805430000005],[-3.3623204490000003,40.653738259],[-3.363231889,40.655158794],[-3.364251036,40.655930352000006],[-3.363595063,40.656469334],[-3.364548586,40.656915879],[-3.3677768390000002,40.660571357],[-3.3680484340000003,40.662848816],[-3.367479197,40.663462317000004],[-3.3678381980000003,40.664851233],[-3.368621961,40.665596472000004],[-3.369516576,40.665844066000005],[-3.3723197820000004,40.669110651000004],[-3.371511041,40.672410413],[-3.3724545040000002,40.673551486],[-3.372143275,40.674397497],[-3.3730602820000004,40.676517889],[-3.3729237800000003,40.677717379],[-3.374650631,40.680112617000006],[-3.3780946500000004,40.681864431],[-3.3801347440000002,40.682683854000004],[-3.385707183,40.68407981],[-3.3869038860000003,40.685966736000005],[-3.3894363000000003,40.687559092],[-3.393354044,40.692458271],[-3.3970449960000004,40.691551134],[-3.400195913,40.691441916],[-3.4032691450000003,40.683039296000004],[-3.404687871,40.677893393000005],[-3.404882955,40.676690869000005],[-3.4045689500000003,40.67440476],[-3.4051509560000004,40.673849597],[-3.404734459,40.669638066000005],[-3.4074714220000004,40.670636],[-3.40932028,40.670811079],[-3.4095365980000003,40.671861803000006],[-3.4124348920000003,40.671306830000006],[-3.414004491,40.671799125],[-3.4153059000000003,40.671798418],[-3.415741779,40.672959417],[-3.4180596820000004,40.675911296],[-3.4174673170000003,40.676858985],[-3.419176998,40.678966764],[-3.4191161230000002,40.680320804000004],[-3.4255865950000004,40.682374683],[-3.4261056470000004,40.680795439],[-3.426231774,40.678535014000005],[-3.4259045230000003,40.675413732],[-3.426734084,40.672363939],[-3.429993053,40.673784251],[-3.433423508,40.674386634],[-3.4359334080000004,40.675329046],[-3.441704177,40.674208343000004],[-3.441531335,40.675901276000005],[-3.4424108980000003,40.678092333],[-3.445323434,40.678096458000006],[-3.4477881540000004,40.677473713000005],[-3.449111358,40.679366881],[-3.4482282200000003,40.68033847],[-3.4484036980000004,40.682033847],[-3.4488224240000003,40.682587875],[-3.4498030870000003,40.682831529000005],[-3.4563340310000004,40.687934811000005],[-3.459959038,40.68886004],[-3.4685496170000003,40.689935624],[-3.4683336340000004,40.692977968],[-3.4648608060000003,40.692431636],[-3.462358769,40.69311821],[-3.463109868,40.695788968],[-3.4633104940000004,40.698098878],[-3.4608394650000003,40.69816731],[-3.460706485,40.700516389],[-3.460002782,40.701811028],[-3.459999239,40.703707357000006],[-3.458921354,40.704130543000005],[-3.4561025570000004,40.703925496000004],[-3.455273726,40.706334964],[-3.454881653,40.706301375],[-3.4544273280000004,40.709130064],[-3.452785124,40.709104078],[-3.4519784990000004,40.711848554],[-3.4508685860000003,40.711234899000004],[-3.4476853490000003,40.714110206],[-3.446335496,40.714444241],[-3.4453988800000004,40.716563973],[-3.4428538480000004,40.719333984],[-3.4375454110000003,40.72254325],[-3.437191256,40.722889621],[-3.436923081,40.724617592],[-3.436123165,40.726522336],[-3.4349449450000002,40.727986174],[-3.434407427,40.732017756000005],[-3.4377121020000003,40.734094389],[-3.4399780680000003,40.736494692],[-3.4418823570000003,40.737727915],[-3.4444127140000003,40.736024594],[-3.4462259360000003,40.734246513],[-3.448737532,40.732960267],[-3.4504156040000002,40.734886992],[-3.4512700140000003,40.738125863],[-3.450665442,40.738925484],[-3.4501198420000003,40.741099588000004],[-3.4482857210000004,40.741891365],[-3.446967416,40.741356854],[-3.446217841,40.745113639],[-3.4447420940000004,40.747986765],[-3.4449672220000003,40.75031192],[-3.4447689620000004,40.752028821],[-3.4437726310000003,40.754698293000004],[-3.444448924,40.757527996],[-3.4439386080000003,40.76025055],[-3.4443431500000004,40.761579563000005],[-3.4479036190000003,40.76408192],[-3.447526281,40.764407367000004],[-3.446967887,40.766429577000004],[-3.4501111190000002,40.771850451000006],[-3.45774082,40.778378726],[-3.459068702,40.781222865000004],[-3.460262456,40.781269468000005],[-3.468724511,40.784509757],[-3.471879335,40.785020899],[-3.474232755,40.784935352000005],[-3.475382583,40.784462187],[-3.48265212,40.785225727000004],[-3.486140386,40.784930049],[-3.4877705490000004,40.785812326000006],[-3.494707925,40.78745664],[-3.497037911,40.788385337],[-3.4976344420000003,40.788243463],[-3.497777687,40.788885731],[-3.5006565490000003,40.787917493],[-3.5009389100000003,40.788585604000005],[-3.5032259320000003,40.788043273],[-3.503939555,40.78884192],[-3.5060103590000002,40.789330150000005],[-3.511572263,40.788495809000004],[-3.509273111,40.790532873000004],[-3.504251859,40.789232429],[-3.502679773,40.791066203],[-3.502464727,40.792101316],[-3.5023485250000004,40.793513456],[-3.5033270950000004,40.795329821],[-3.5032265000000002,40.796137422],[-3.5025946840000004,40.797239209000004],[-3.501196381,40.798566827],[-3.499071316,40.798782315000004],[-3.495053366,40.796639347],[-3.4933883320000003,40.797342822000005],[-3.491938203,40.798419212000006],[-3.490718557,40.801505306],[-3.492251333,40.802460899],[-3.4915133980000004,40.804639592],[-3.4911141640000003,40.808384321000005],[-3.4897644710000004,40.809774652],[-3.4872887460000004,40.811220167],[-3.4862457800000004,40.812416382],[-3.4827328150000003,40.814576926],[-3.4821614010000004,40.815411695],[-3.4820554570000004,40.816503065],[-3.4827919580000004,40.818161156],[-3.482687979,40.818867856000004],[-3.4785625400000004,40.821837086],[-3.477386654,40.823560765],[-3.4767550380000003,40.825283991],[-3.4771570080000003,40.826270562000005],[-3.4767822730000004,40.827102689],[-3.476573344,40.830226788000004],[-3.477342143,40.831920811],[-3.477211676,40.833577106],[-3.4793094190000002,40.836489872],[-3.479191875,40.837628127],[-3.4782415510000004,40.838918471],[-3.470649491,40.841681896000004],[-3.469747846,40.843178264],[-3.4702413610000002,40.844696885000005],[-3.47582204,40.849916962],[-3.4763327840000002,40.850666162],[-3.4763300850000003,40.851284152000005],[-3.4758282080000003,40.851942935000004],[-3.4750706360000003,40.852183874000005],[-3.470500486,40.851657557],[-3.465812928,40.856895130000005],[-3.471538196,40.860653653],[-3.4727174290000002,40.862464934],[-3.4726684960000003,40.864096559000004],[-3.4664079410000004,40.868159567],[-3.4640981510000004,40.868937283],[-3.4581377250000003,40.872089676],[-3.454913024,40.873260887],[-3.452832383,40.873226714000005],[-3.452111452,40.873493481000004],[-3.450675882,40.875134110000005],[-3.4482493,40.876431743000005],[-3.4461338250000004,40.876703869],[-3.442000708,40.875009944000006],[-3.4404874120000004,40.875349929],[-3.4406040680000003,40.878629444000005],[-3.4417100200000004,40.882710533],[-3.443438512,40.885606422],[-3.444611278,40.886497354],[-3.444833741,40.887103664],[-3.4434410530000004,40.888480990000005],[-3.4419236860000004,40.888967847],[-3.4398908300000004,40.89030974],[-3.439592488,40.891149556],[-3.4429669780000003,40.892693331000004],[-3.44443988,40.894246132],[-3.445097296,40.895803857000004],[-3.4455375590000004,40.896131869],[-3.4469068610000004,40.896204058],[-3.447796426,40.895024121000006],[-3.448550306,40.89467708],[-3.452350494,40.896264871],[-3.4528045740000004,40.896872961],[-3.452474601,40.898453423],[-3.4537485030000004,40.899325849],[-3.45608693,40.899263501],[-3.4586180590000004,40.897533790000004],[-3.46059886,40.898469997],[-3.4611053220000003,40.899770591],[-3.460830698,40.900231113000004],[-3.4602406290000003,40.90040192],[-3.458559611,40.900077089],[-3.457862017,40.901013121000005],[-3.458227909,40.902078264000004],[-3.4597050950000003,40.903825432000005],[-3.4605700070000003,40.905447102000004],[-3.4605772110000004,40.906658699000005],[-3.459898861,40.907636105],[-3.4583880660000004,40.908433038000005],[-3.456139772,40.908006823],[-3.453046302,40.906217308],[-3.4505267980000003,40.905351536000005],[-3.445340568,40.906073374],[-3.444062218,40.906849406],[-3.443985611,40.908357701],[-3.445572115,40.910328036],[-3.4512866360000003,40.912865156],[-3.4506575570000004,40.914133283000005],[-3.4507060600000004,40.915682532000005],[-3.4483823520000003,40.918717470000004],[-3.4486560190000004,40.91985056],[-3.44845213,40.921490871],[-3.44885461,40.922527071000005],[-3.4473656850000003,40.924525486],[-3.4426127500000003,40.929367736],[-3.438236921,40.931517571],[-3.437032439,40.933497654],[-3.436825841,40.934594748],[-3.4354174800000004,40.937562895],[-3.4360572740000004,40.937668585000004],[-3.436744574,40.939759526],[-3.435764294,40.943891735],[-3.436039152,40.946128367],[-3.4342446910000004,40.948055691],[-3.432016619,40.949460322],[-3.430452959,40.95476574],[-3.428004918,40.959883430000005],[-3.42624737,40.962471696],[-3.421950507,40.966628553],[-3.4182507780000004,40.973590969],[-3.4162334420000002,40.975811573],[-3.418480304,40.979456324000004],[-3.416282642,40.98251895],[-3.4165415990000003,40.983057613],[-3.4164157000000004,40.984779544000006],[-3.4182960490000003,40.987563522],[-3.400851706,40.995489412000005],[-3.396776372,40.999133755],[-3.3944503150000003,41.000277633],[-3.397066193,41.004649393],[-3.397488184,41.006809016000005],[-3.3980160120000003,41.006981062],[-3.399275947,41.008269406000004],[-3.4008731470000004,41.009078234],[-3.402258095,41.010766977],[-3.4058322220000004,41.013376803],[-3.407497996,41.015828394],[-3.413241611,41.018558256000006],[-3.4260744520000004,41.031618710000004],[-3.4297383630000002,41.040227823],[-3.4311778480000004,41.041670093],[-3.438934782,41.042669716000006],[-3.4389683680000003,41.043967669000004],[-3.4382778380000003,41.046780836],[-3.434729339,41.049460616000005],[-3.434751669,41.050143352],[-3.4355747190000003,41.051531125000004],[-3.43525495,41.052668256000004],[-3.4356140510000004,41.053711855],[-3.434417808,41.054757686],[-3.4341383110000003,41.056054106000005],[-3.43339293,41.056901859],[-3.432584265,41.057173321],[-3.431275636,41.058340245000004],[-3.431553069,41.059093196],[-3.4310690270000004,41.059693136],[-3.43078466,41.061535458],[-3.4310878500000004,41.062404518],[-3.428483352,41.063445597000005],[-3.42785493,41.064551413000004],[-3.42600535,41.065662614000004],[-3.4262148050000003,41.066584277000004],[-3.4259883930000004,41.067468806],[-3.4270551460000003,41.068989961],[-3.4262112470000003,41.069362396],[-3.426283642,41.070439502],[-3.4254658320000004,41.070985692],[-3.4251451810000004,41.071657071000004],[-3.425198924,41.071870366000006],[-3.426358189,41.071850801000004],[-3.4251432530000003,41.073211879000006],[-3.4255085230000004,41.073926686],[-3.4263949350000003,41.074231511],[-3.4255246400000003,41.074767985],[-3.4258151970000004,41.075154268000006],[-3.4253059240000003,41.076115499000004],[-3.426727763,41.076375121000005],[-3.426967728,41.077405668000004],[-3.42759741,41.078318575000004],[-3.42706954,41.079349244],[-3.42773613,41.08081241],[-3.427310937,41.081706678],[-3.42570832,41.082419699],[-3.4258054500000004,41.082898574000005],[-3.4266275520000002,41.083181115],[-3.428422034,41.083048397000006],[-3.429459715,41.084444424000004],[-3.4303198110000004,41.083606190000005],[-3.431405459,41.084316506],[-3.43410779,41.083551558],[-3.435500262,41.084022875],[-3.4364943520000004,41.083476854000004],[-3.437613519,41.082223216],[-3.438727418,41.082157758],[-3.4397000010000003,41.081070402],[-3.4404718030000003,41.081302589],[-3.4406395950000004,41.081828928],[-3.442499808,41.081921844],[-3.444235465,41.082435888],[-3.445397804,41.081076611],[-3.448388951,41.080637211],[-3.448944494,41.081804322],[-3.450784828,41.081773770000005],[-3.4530773740000003,41.082760247],[-3.453789931,41.083544776000004],[-3.455534392,41.084108161],[-3.455865653,41.084841025],[-3.4555912940000004,41.085456458],[-3.456544093,41.087057968],[-3.4584535,41.087181063],[-3.4591230630000003,41.087930599],[-3.4609030840000004,41.088276667],[-3.461769421,41.089065943],[-3.464570821,41.089377206],[-3.465495551,41.090504003],[-3.4670789080000004,41.090807485],[-3.4700650680000003,41.092306926],[-3.47448842,41.093286023000005],[-3.4747489650000003,41.093586724000005],[-3.4746009520000003,41.094698038000004],[-3.4751539730000003,41.095266878000004],[-3.4760976990000003,41.095190923000004],[-3.478416929,41.093822901],[-3.481837452,41.093269981000006],[-3.4831140470000004,41.093452012],[-3.4841439540000003,41.094255726],[-3.485391742,41.093754134],[-3.488751214,41.094293953000005],[-3.488932966,41.095202105000006],[-3.488211483,41.096508638],[-3.490405201,41.097191159000005],[-3.490464686,41.098307915],[-3.489934878,41.098965058000005],[-3.491944263,41.100307728000004],[-3.4911665210000002,41.100933503],[-3.490960158,41.102009953],[-3.4898833720000004,41.102461333],[-3.4890661680000004,41.103876374],[-3.4896296970000003,41.105515264000005],[-3.4900958780000004,41.105906940000004],[-3.492107734,41.106432558],[-3.492847026,41.107032046],[-3.4929618870000003,41.108061183000004],[-3.494010421,41.109876338],[-3.493006319,41.111307504],[-3.49371826,41.111745852000006],[-3.4948696800000003,41.111541843000005],[-3.495427219,41.111877251],[-3.4953429750000002,41.112238834],[-3.49423523,41.113029984],[-3.4940937720000003,41.113546749],[-3.495026718,41.114546243],[-3.4953674550000002,41.115990567000004],[-3.496735611,41.116564803],[-3.4968203900000003,41.117545411],[-3.4982035000000002,41.118201538],[-3.498263499,41.119051636],[-3.499756633,41.120074798000005],[-3.4998312030000003,41.12048524],[-3.4993437390000004,41.120925140000004],[-3.500535756,41.121818077],[-3.500428712,41.123416563],[-3.501392617,41.124540184000004],[-3.5017225570000003,41.126734905],[-3.502436771,41.127756911000006],[-3.5034962160000003,41.128427898000005],[-3.5042921920000003,41.129854898000005],[-3.5056098450000004,41.130320257],[-3.50580227,41.131023841],[-3.506618453,41.131811168000006],[-3.5067074170000003,41.132849402000005],[-3.507844663,41.133705575],[-3.508095645,41.134582753000004],[-3.5091493650000003,41.135726636],[-3.5092617460000004,41.136395436],[-3.510603135,41.137290318000005],[-3.5124075120000002,41.137651659],[-3.515572503,41.137536691],[-3.5159507710000004,41.138371848000006],[-3.51652608,41.138803465],[-3.5213791710000004,41.138936543],[-3.52290194,41.139682705000006],[-3.5260351070000002,41.139145057],[-3.526739694,41.140088580000004],[-3.528790449,41.140538585],[-3.5299622320000004,41.141782612],[-3.530653586,41.143145047000004],[-3.532189362,41.144592756],[-3.5322931200000003,41.145786744000006],[-3.5328222890000003,41.146976061000004],[-3.541098185,41.149666901],[-3.5376250010000003,41.155333022],[-3.536704572,41.160576391],[-3.539722192,41.16504109],[-3.5369866400000003,41.165214214],[-3.536002754,41.165894395],[-3.530411929,41.165893243],[-3.527517747,41.166212799],[-3.5241384260000004,41.165489569],[-3.519075234,41.162846123],[-3.5172123980000003,41.162860148],[-3.5155547960000004,41.163432613000005],[-3.5141995610000003,41.165438609000006],[-3.5141328080000003,41.166073411],[-3.5123008280000003,41.167290096],[-3.5094463890000003,41.167856003000004],[-3.508192427,41.167734487000004],[-3.50699278,41.169181344],[-3.505274539,41.170023691000004],[-3.5049414000000003,41.170815793],[-3.5031761670000003,41.172706834],[-3.5031480380000004,41.174133163],[-3.5020385180000004,41.176731862000004],[-3.5003408990000002,41.178607973000005],[-3.4992987020000004,41.178784479],[-3.493087994,41.177192273],[-3.488707776,41.17965127],[-3.4858225060000003,41.180724652],[-3.4833274170000004,41.180944235000005],[-3.4812274710000004,41.180144320000004],[-3.4791519280000003,41.180860231000004],[-3.4782343190000002,41.180840469],[-3.476567085,41.181829424],[-3.474935105,41.183300921000004],[-3.4727970740000003,41.183475807],[-3.4715206120000004,41.1831935],[-3.4699543380000004,41.183680295],[-3.466515932,41.183384124],[-3.467975441,41.184962285000005],[-3.468323031,41.186085429],[-3.4669855930000004,41.188217847000004],[-3.4629654210000003,41.190945033000006],[-3.4620607310000002,41.190683638],[-3.4594049580000004,41.191156878],[-3.458656485,41.193837482],[-3.455946368,41.199383484],[-3.4547848080000003,41.200311759],[-3.4546932540000004,41.200920438000004],[-3.4531594400000003,41.20302789],[-3.4520893260000003,41.203357069],[-3.450962859,41.204621453],[-3.4489849560000003,41.205698252000005],[-3.4476830890000003,41.208668809],[-3.444019684,41.215000226],[-3.4436595110000003,41.215145106],[-3.441312481,41.215200895],[-3.4399884920000003,41.214801933000004],[-3.4398661280000002,41.215068515000006],[-3.4383995080000003,41.215412714],[-3.431940334,41.215465216000005],[-3.431311211,41.215108586],[-3.4310784880000003,41.214574623000004],[-3.4281513510000003,41.214763430000005],[-3.4253176040000004,41.214296773],[-3.424134768,41.214455743],[-3.41966975,41.216281419000005],[-3.4178410340000003,41.216463950000005],[-3.414580608,41.215289414000004],[-3.4134055300000004,41.214140374],[-3.4117772200000003,41.213638599],[-3.410654993,41.212793516000005],[-3.4105005950000002,41.212347577],[-3.409034543,41.211640432],[-3.4073629550000004,41.211604499],[-3.402388277,41.213466446000005],[-3.4014802320000004,41.213555324000005],[-3.401418516,41.214363351],[-3.402422499,41.215797376000005],[-3.4025173360000003,41.216923532],[-3.403434981,41.21821589],[-3.403432135,41.218765257],[-3.4032283540000003,41.220983588],[-3.4020076120000002,41.222238038],[-3.4016636570000003,41.223069645],[-3.40179292,41.223807983],[-3.4008137620000003,41.224684258],[-3.4024323350000003,41.226641149],[-3.4021611640000002,41.227829381],[-3.402539258,41.228635437],[-3.403835243,41.229759664],[-3.404567075,41.231104375],[-3.406123629,41.232227437000006],[-3.406362806,41.233890452000004],[-3.405721729,41.235702004000004],[-3.404731538,41.236829915],[-3.404079534,41.238811506000005],[-3.4020960000000002,41.238692893],[-3.398480562,41.242021892000004],[-3.3989039340000002,41.243809822],[-3.3984144400000003,41.244998543],[-3.398864349,41.245254687],[-3.3990325350000004,41.246153348],[-3.3997839350000003,41.24657336],[-3.400177824,41.249137118],[-3.400157011,41.251125472000005],[-3.399756886,41.25194724],[-3.39975496,41.254613435],[-3.402816839,41.257999077],[-3.404258711,41.258677441],[-3.4056425170000004,41.259837389000005],[-3.4067002750000004,41.26019566],[-3.410622671,41.259944808],[-3.41180707,41.261193993],[-3.412237976,41.263263612],[-3.414425553,41.265899207000004],[-3.4153067380000004,41.270585654],[-3.415146516,41.273197168],[-3.4145384930000002,41.269115993],[-3.413868819,41.267538729],[-3.4118136370000003,41.263336523],[-3.409468849,41.260415331000004],[-3.4087286110000004,41.261999449],[-3.405346632,41.262018188000006],[-3.403611455,41.261280894],[-3.39898127,41.258085505000004],[-3.3924042890000004,41.256925632000005],[-3.382309241,41.258340176000004],[-3.3806744760000003,41.259515523000005],[-3.3794673750000004,41.259751451],[-3.3765238940000004,41.259704979000006],[-3.374346349,41.259181387000005],[-3.3719768830000003,41.259471073],[-3.3694634280000004,41.260416632],[-3.367463981,41.260287085],[-3.3638839750000002,41.258802792000004],[-3.3594221810000002,41.258144594],[-3.357495901,41.256988766],[-3.354852123,41.255965369],[-3.353349908,41.256325404],[-3.349073004,41.255829929],[-3.347358705,41.255973222],[-3.344530059,41.254785505],[-3.3437971980000003,41.254053253],[-3.3386205130000004,41.253367146],[-3.337192883,41.252680985000005],[-3.3329844740000003,41.254315879],[-3.3315069310000003,41.255248418],[-3.3312134340000004,41.255511223],[-3.33136827,41.256336144],[-3.330412765,41.258022843],[-3.330660227,41.258523798000006],[-3.329821227,41.258740392],[-3.3283589140000003,41.259836915],[-3.326058236,41.260962941],[-3.325052973,41.262073716],[-3.3240081320000003,41.262017957000005],[-3.322189894,41.260726972],[-3.318374395,41.260188442],[-3.312811688,41.261434975],[-3.3105151160000004,41.260981153],[-3.309275457,41.260342545],[-3.306816212,41.260341806],[-3.3055744430000003,41.259782830000006],[-3.304790557,41.258478031],[-3.3031948570000003,41.257465059000005],[-3.3014862440000003,41.257121135000006],[-3.2968000030000004,41.257149312],[-3.291506237,41.257812039],[-3.2904880160000003,41.257236235],[-3.289163745,41.261244234],[-3.289416779,41.264622184000004],[-3.2883829550000003,41.265461255000005],[-3.28826752,41.266148934],[-3.2839747750000003,41.268186174],[-3.2820845110000003,41.270389767000005],[-3.2820858750000004,41.271422706],[-3.2809291650000003,41.273168539000004],[-3.279335611,41.27417418],[-3.2771962180000003,41.274689533],[-3.2763759140000004,41.275182351000005],[-3.2756601880000003,41.274224032],[-3.273437508,41.265050424],[-3.2742654030000002,41.260265372],[-3.2730950030000003,41.260133013],[-3.27273353,41.259314159000006],[-3.271506918,41.260028642],[-3.2692386040000003,41.259970866],[-3.266056952,41.258383827],[-3.263475987,41.257732143000005],[-3.260766697,41.257828331000006],[-3.259240509,41.258273123],[-3.254264338,41.258383199],[-3.248902311,41.264447978],[-3.24612604,41.269110864000005],[-3.244364881,41.270690922],[-3.2426583900000003,41.274189473],[-3.2378771580000003,41.279369785],[-3.237789174,41.28146876],[-3.239872522,41.283013784000005],[-3.2400709670000003,41.285049112],[-3.237875294,41.285495024],[-3.238132327,41.287232980000006],[-3.2389350120000002,41.287942932],[-3.2312445390000004,41.294867457],[-3.2262274370000004,41.298111137],[-3.21507267,41.298411651],[-3.2126102590000003,41.301523855],[-3.2104864760000003,41.302266370000005],[-3.2073511800000003,41.304235708],[-3.2036688140000003,41.303179341],[-3.199754652,41.304429226],[-3.1921404360000003,41.302667602],[-3.188548603,41.303916572000006],[-3.1775352110000004,41.299493176000006],[-3.1708690190000004,41.299016778],[-3.164887719,41.295359289000004],[-3.157789148,41.293666696],[-3.1484098680000003,41.291994615],[-3.141292233,41.292183648000005],[-3.1300458360000003,41.288152278000005],[-3.1250472090000003,41.290887159],[-3.121222887,41.289468009000004],[-3.1086566930000004,41.287886147],[-3.1001657590000002,41.280075037],[-3.096750504,41.279960846],[-3.094663653,41.281899259],[-3.0938785500000003,41.284007732],[-3.089984786,41.283416314],[-3.0834719610000003,41.279700965],[-3.0796863500000002,41.279388362000006],[-3.073021585,41.277744320000004],[-3.071957949,41.276898238],[-3.0681119640000003,41.275738524000005],[-3.0619719400000003,41.273330443000006],[-3.0607526820000004,41.273573062000004],[-3.0601721100000003,41.274393347],[-3.060577769,41.275250118],[-3.0604115650000003,41.276160318],[-3.05079929,41.277158333],[-3.040284573,41.280221248000004],[-3.036278595,41.280851145],[-3.032133695,41.282426578],[-3.0206620560000004,41.288337049000006],[-3.0187496990000002,41.289060863],[-3.011692016,41.285384277000006],[-3.0059883160000003,41.284396429000005],[-3.004149373,41.28512615],[-2.9975455870000003,41.286783647],[-2.9949064290000003,41.286594387],[-2.98985488,41.287368726000004],[-2.9880752630000003,41.288773793000004],[-2.976263385,41.291348217],[-2.9696944490000003,41.292220435000004],[-2.967437383,41.291913544],[-2.9661229870000003,41.293228326000005],[-2.961190969,41.292361995],[-2.9535237750000003,41.291944783000005],[-2.950131422,41.292636973],[-2.947347521,41.294058984],[-2.944060157,41.297480438],[-2.9424561610000004,41.30146114],[-2.9400869370000002,41.30600891],[-2.9417775280000003,41.312414397000005],[-2.9411907690000003,41.313936427],[-2.9340708290000004,41.313428078],[-2.928117525,41.316811423000004],[-2.922511211,41.31925787],[-2.915937692,41.32089262],[-2.9109667480000003,41.321213117],[-2.910273187,41.321617923000005],[-2.906668123,41.327632215],[-2.902834791,41.325935522],[-2.8979373070000003,41.324805237],[-2.8884250280000003,41.325237642000005],[-2.882707576,41.321754889000005],[-2.880736354,41.321590696],[-2.8789790990000004,41.322030214],[-2.875455484,41.321377849],[-2.873391647,41.319691127000006],[-2.86898802,41.317055890000006],[-2.8676223540000003,41.312937791],[-2.866845526,41.313072001],[-2.8679471380000003,41.311839229],[-2.869817872,41.308301352],[-2.8701222590000004,41.305410222000006],[-2.872243623,41.301827543],[-2.8730384310000003,41.298504576],[-2.871239897,41.295926351000006],[-2.868018317,41.294301285],[-2.8658975040000003,41.291785662],[-2.8641032830000004,41.287351743],[-2.8636979260000004,41.281280047],[-2.8664934850000003,41.274779762],[-2.866888148,41.274464953000006],[-2.859011198,41.272870209000004],[-2.8551599170000004,41.270505416000006],[-2.841404524,41.266118596000005],[-2.839207972,41.266061509000004],[-2.8324571190000003,41.263583803],[-2.8266859020000004,41.261017097],[-2.821762895,41.258370345],[-2.8222451580000003,41.256614593],[-2.819593185,41.257340095],[-2.810680965,41.255731445],[-2.8035405100000004,41.256512173000004],[-2.797265326,41.255366339000005],[-2.794009898,41.254333688],[-2.783209007,41.25386348],[-2.781610665,41.253527175],[-2.777975243,41.252015937],[-2.775511138,41.250083509],[-2.7764918030000003,41.256489899],[-2.776283477,41.258065843000004],[-2.7718859140000003,41.262831302],[-2.771400954,41.264956158000004],[-2.769350821,41.267411174],[-2.768645192,41.267761060000005],[-2.766991017,41.269613312000004],[-2.765398615,41.270862152],[-2.7639516100000003,41.271507752000005],[-2.760945569,41.274023711000005],[-2.759336239,41.273326770000004],[-2.748926419,41.272872198],[-2.747372726,41.273265143],[-2.744996538,41.273304949],[-2.7300903520000004,41.271667650000005],[-2.7283578850000003,41.271960837],[-2.7167722380000003,41.275671167000006],[-2.714736873,41.265991858],[-2.7140657590000004,41.261117013],[-2.713618326,41.259701688],[-2.709546129,41.251980871],[-2.6994436100000003,41.247784386],[-2.69139637,41.243322296],[-2.684579636,41.241286104000004],[-2.673609841,41.239372952000004],[-2.671137208,41.237465287],[-2.6702555130000003,41.237192536],[-2.6685375060000003,41.237115548000006],[-2.660064073,41.239568017],[-2.654831387,41.240651419],[-2.646014592,41.240210331],[-2.645120029,41.237919609],[-2.6419700760000002,41.235648922],[-2.6346997140000004,41.231932934],[-2.636248258,41.223812815],[-2.6291980980000003,41.215214960000004],[-2.623900146,41.223737125],[-2.6169694750000003,41.219435556],[-2.6082710280000003,41.221640181000005],[-2.599398797,41.222906738000006],[-2.592326179,41.22444023],[-2.589485944,41.224538221],[-2.5884210160000003,41.223120192],[-2.588056587,41.220353501000005],[-2.587004303,41.216953807],[-2.587418139,41.213757541],[-2.589545322,41.209351351],[-2.58980908,41.207235468],[-2.5913982260000004,41.204890096],[-2.591778928,41.203134933],[-2.593741263,41.200205344000004],[-2.600870618,41.194807611],[-2.603105724,41.193986626000004],[-2.605803529,41.193554518],[-2.620008323,41.195367836],[-2.622066406,41.187988213000004],[-2.619339157,41.183286151000004],[-2.6025656120000003,41.188661154],[-2.584337997,41.182192217],[-2.580703255,41.180026168000005],[-2.578120749,41.179278092000004],[-2.5774927930000002,41.178663258],[-2.5772121130000003,41.177815494],[-2.578905971,41.175830979000004],[-2.579365183,41.173013214],[-2.5809724640000002,41.169623129],[-2.581097596,41.166831161000005],[-2.58262729,41.164359546],[-2.584875386,41.161368017],[-2.585866985,41.161011269],[-2.587414084,41.159512490000004],[-2.589048139,41.159338175],[-2.59001065,41.157909337],[-2.593461303,41.156939703],[-2.593946888,41.155518155],[-2.5953349980000002,41.154622243000006],[-2.59526583,41.154243664],[-2.595950008,41.153462372],[-2.596021449,41.15154392],[-2.5953143570000003,41.150253293000006],[-2.5922403170000003,41.148224654],[-2.58804664,41.146137883],[-2.582949752,41.141840728000005],[-2.5813000170000002,41.140807827],[-2.5755771060000003,41.139471701000005],[-2.571313914,41.142716796],[-2.5675935130000003,41.144918832],[-2.5597674120000002,41.146258346],[-2.5551528350000003,41.146681975],[-2.5507486160000004,41.147700766],[-2.5425291370000003,41.150668007],[-2.541295251,41.151581903],[-2.539564931,41.153601776],[-2.539350552,41.158663387000004],[-2.536510389,41.162525384000006],[-2.535564722,41.161413589000006],[-2.5286884620000003,41.156287104],[-2.525611691,41.154896232000006],[-2.5173565350000002,41.147871709],[-2.516938033,41.146446696000005],[-2.51667304,41.140365217],[-2.516766801,41.13896037],[-2.5174011540000003,41.13695426],[-2.515347416,41.134324304],[-2.511627363,41.131498079],[-2.511134117,41.12734331],[-2.5088507620000002,41.118857077],[-2.503703514,41.117474777000005],[-2.496306223,41.117523693],[-2.493307595,41.117132188],[-2.491091065,41.11726653],[-2.490111368,41.117649534],[-2.487246464,41.116916161000006],[-2.4854761180000002,41.117872108],[-2.484464112,41.117813529],[-2.48226075,41.116272279],[-2.4778448020000003,41.109892695],[-2.4775648400000003,41.109152766],[-2.477811351,41.106604612000005],[-2.475983401,41.101353622000005],[-2.474390462,41.098022388000004],[-2.471883822,41.094317609],[-2.469443231,41.089838386000004],[-2.468819641,41.087439365],[-2.468564003,41.083708846],[-2.468958684,41.082008143],[-2.4686199930000003,41.081195853000004],[-2.4694662800000002,41.078109989000005],[-2.463186726,41.077387244],[-2.456005571,41.077740837],[-2.449518374,41.077664915],[-2.447934683,41.074873827000005],[-2.4422717950000004,41.077296689],[-2.440967755,41.075254532],[-2.441117546,41.074435527000006],[-2.4400089040000004,41.073223051],[-2.440953152,41.071362976],[-2.438232209,41.070791213],[-2.4356170720000003,41.071769293],[-2.429744293,41.072289808],[-2.4289783380000003,41.071394208],[-2.430292316,41.068103773000004],[-2.429799929,41.065858323],[-2.425233469,41.062673754],[-2.4209671320000004,41.060598510000005],[-2.418909918,41.057705549000005],[-2.416026832,41.05940248],[-2.4142996500000002,41.060916061],[-2.410185313,41.060525702],[-2.402129865,41.061655152],[-2.3978572440000003,41.064263212],[-2.3960325470000003,41.064668013],[-2.38932256,41.069514938000005],[-2.3830659300000003,41.074147705],[-2.381348812,41.077003034],[-2.3776707750000003,41.078226294000004],[-2.372578857,41.079144464],[-2.3604964440000002,41.083978262],[-2.355329083,41.086453632],[-2.352214802,41.081094382],[-2.349239217,41.077411323],[-2.339274796,41.071526335],[-2.333877294,41.067342511],[-2.3307053740000003,41.066747588000005],[-2.3234071600000004,41.056507809],[-2.318767528,41.059813405],[-2.315594958,41.061623206],[-2.311384895,41.062471864],[-2.3022490380000002,41.065416492000004],[-2.298168171,41.068625547],[-2.295217329,41.06964343],[-2.293581275,41.071254839000005],[-2.2911097440000003,41.070852297],[-2.284007057,41.065052212000005],[-2.2798838210000003,41.065521927000006],[-2.2763982200000004,41.065364944],[-2.2664054040000003,41.068130194000005],[-2.2635435210000003,41.067535404000004],[-2.232146643,41.097011454000004],[-2.2277980210000004,41.096189662],[-2.2225554510000003,41.093433972],[-2.2130200700000002,41.091252304],[-2.2098666600000003,41.091095581000005],[-2.198565465,41.089278916000005],[-2.181640681,41.08495313],[-2.175298091,41.083754855],[-2.175727099,41.086577410000004],[-2.167329023,41.095407792],[-2.161476081,41.097779428],[-2.143444717,41.102573996000004],[-2.135911822,41.116687093],[-2.134348278,41.116927565000005],[-2.131855281,41.118097829],[-2.130195446,41.117508795],[-2.128254028,41.113899969],[-2.1206880790000002,41.107852197],[-2.1174430710000003,41.102936092],[-2.109417908,41.097550641000005],[-2.0974848390000003,41.092440333000006],[-2.089703972,41.091126988],[-2.087123332,41.090043627],[-2.081459717,41.086350395000004],[-2.076687712,41.081943404],[-2.0786795540000003,41.077419378],[-2.071689798,41.072489972],[-2.0641647,41.070132060000006],[-2.056652434,41.069563733],[-2.048927703,41.077814571000005],[-2.057572282,41.083497551],[-2.060813037,41.089171989],[-2.065718523,41.095886746000005],[-2.06310062,41.103306027],[-2.0605584080000003,41.104537425000004],[-2.0625059350000003,41.113299962],[-2.0591280650000003,41.119641003000005],[-2.051005034,41.125375446],[-2.050862598,41.129472853],[-2.051677247,41.147137071],[-2.0476171720000003,41.152652353],[-2.038405012,41.15507994],[-2.029460797,41.156265974],[-2.01567426,41.156860545],[-2.0084342200000003,41.156438122000004],[-1.9920401170000002,41.159961948],[-1.987802639,41.161140825000004],[-1.98280743,41.165060216],[-1.9697866370000001,41.169133062],[-1.96633483,41.169561523000006],[-1.959016864,41.172486175],[-1.954029422,41.169765696000006],[-1.950693706,41.168888630000005],[-1.948330311,41.166849342],[-1.9477369070000001,41.161475317000004],[-1.946796702,41.159899380000006],[-1.9391573720000002,41.152469963],[-1.938463958,41.149653161],[-1.939156786,41.147335546],[-1.935982611,41.144657997],[-1.9324466690000002,41.138590094],[-1.921650588,41.134291939],[-1.913913771,41.134561561000005],[-1.9107377660000002,41.134252337],[-1.907481495,41.134473722],[-1.9057481250000001,41.134105968],[-1.9009720920000002,41.135438683000004],[-1.8999350970000002,41.135464815000006],[-1.896389238,41.135187688],[-1.8905293390000002,41.133043131],[-1.89048459,41.132163539000004],[-1.888440786,41.130150408000006],[-1.8836797690000002,41.127290329000004],[-1.880479913,41.124277691],[-1.879163361,41.123730725],[-1.87764211,41.122125134],[-1.876096113,41.120158969],[-1.8755670240000002,41.118217125],[-1.8734381750000002,41.114123891000006],[-1.8733677050000002,41.111697395],[-1.8729091050000002,41.110865090000004],[-1.8701262660000002,41.108819176000004],[-1.8696547680000002,41.107978624000005],[-1.8624843700000002,41.105751572],[-1.8591297800000002,41.103675424],[-1.8558097340000002,41.102639926],[-1.8511961250000002,41.101696832],[-1.8469879180000002,41.101684517],[-1.843069193,41.101191236000005],[-1.8359204960000002,41.099514029000005],[-1.830291029,41.096794296000006],[-1.8252725950000002,41.094957882],[-1.821651571,41.094494832],[-1.8173756090000002,41.095166240000005],[-1.8144791260000002,41.093083587],[-1.811917714,41.091776288000005],[-1.805325137,41.090654198],[-1.8032120360000001,41.089982802],[-1.801162723,41.087049265000005],[-1.797792274,41.083257878000005],[-1.7946341710000002,41.078746185],[-1.786240147,41.073460538],[-1.7834766940000002,41.072530609000005],[-1.780137754,41.070541506000005],[-1.777335313,41.069671369000005],[-1.7704049080000002,41.06645298],[-1.7618999180000001,41.058513365],[-1.7609778170000001,41.056901661000005],[-1.757751564,41.055074348000005],[-1.758445945,41.053586524],[-1.756943971,41.052462350000006],[-1.7585114910000001,41.05263239],[-1.7593204400000002,41.052010552000006],[-1.758653712,41.049499164000004],[-1.7593801450000002,41.04820084],[-1.7578074060000002,41.04704889],[-1.75637851,41.046474979],[-1.7557293150000002,41.045567174000006],[-1.748612647,41.041256342000004],[-1.74810959,41.04017893],[-1.748478304,41.036417613000005],[-1.747134197,41.033898788],[-1.745398411,41.032591755000006],[-1.7376908000000002,41.031300474000005],[-1.7331818620000001,41.028224298000005],[-1.7320319800000001,41.02677938],[-1.731590658,41.025603487000005],[-1.729825076,41.024016647],[-1.724610202,41.021202594],[-1.7147730920000002,41.012076307],[-1.7088421040000001,41.007650146],[-1.7000758020000002,41.002326970000006],[-1.691849304,40.995631073000006],[-1.684969356,40.992445048],[-1.679218093,40.989325603000005],[-1.674782884,40.984032095],[-1.666413222,40.981728615],[-1.6610142280000002,40.978324086],[-1.659953972,40.976681334000006],[-1.6588876620000002,40.972993708000004],[-1.657058847,40.969405283],[-1.654084055,40.969001259],[-1.651270456,40.967103732000005],[-1.6419505840000002,40.959706897000004],[-1.6350007000000002,40.952715731000005],[-1.632085344,40.950627364000006],[-1.6284435750000001,40.94862937],[-1.6174491640000002,40.94373284],[-1.6174839680000002,40.942634292],[-1.611852446,40.937558213],[-1.6079036500000001,40.927619892],[-1.6085985070000002,40.922241534],[-1.610445957,40.916823017000006],[-1.6117820520000001,40.914262839],[-1.6156384890000002,40.908138759],[-1.620681668,40.903145736],[-1.6259743800000002,40.898677922000005],[-1.6208338310000001,40.882113895],[-1.621601199,40.881168222],[-1.621391645,40.880400035],[-1.620306862,40.879486257],[-1.611239086,40.867585889000004],[-1.6077331350000001,40.865579856000004],[-1.605867151,40.862332432],[-1.6048344300000001,40.861788466],[-1.6034283260000002,40.859816699],[-1.599484056,40.857246605],[-1.5975808040000001,40.855232694],[-1.596376057,40.854416318000006],[-1.5963761790000002,40.853848813],[-1.5936837590000001,40.853257507],[-1.592225279,40.849861690000004],[-1.588780872,40.845027299],[-1.5755489360000001,40.834217063000004],[-1.573316353,40.831586128000005],[-1.570490465,40.830082813000004],[-1.568612903,40.830257702000004],[-1.563652083,40.83152021],[-1.5592685290000001,40.830762897],[-1.5539615960000002,40.826660848],[-1.5533547630000002,40.823482388],[-1.5446797710000002,40.816193782],[-1.542334351,40.811218708000006],[-1.539244469,40.792640889000005],[-1.5398864650000001,40.786064065000005],[-1.540975497,40.785041909],[-1.5405799150000001,40.782541646000006],[-1.5393258330000001,40.780823229],[-1.542132507,40.777120353],[-1.542638538,40.769695002000006],[-1.542986121,40.768429239],[-1.540219374,40.763836112],[-1.5405809810000002,40.762471443],[-1.539908199,40.760733355],[-1.5442707740000001,40.757347364000005],[-1.5476816020000002,40.755759875],[-1.5553032750000002,40.750081321],[-1.5620171260000002,40.739751701],[-1.560678822,40.738104519000004],[-1.5588709790000002,40.71926371],[-1.555959206,40.716488786],[-1.55413189,40.715583088],[-1.5524697280000002,40.70869794],[-1.553335723,40.705880202],[-1.5514133940000001,40.705549799],[-1.5484408120000002,40.701801024000005],[-1.5445163830000002,40.697751903000004],[-1.5434746590000001,40.697216275],[-1.542567873,40.694835643000005],[-1.540612552,40.693865056],[-1.539923205,40.691288971000006],[-1.5393599910000002,40.690525145],[-1.537510713,40.688501877],[-1.535637879,40.687018778],[-1.53625012,40.686080675],[-1.5386108630000002,40.684732329],[-1.540341627,40.681340088000006],[-1.5389004750000002,40.670394756],[-1.538991701,40.658090528],[-1.5426207820000002,40.654397954000004],[-1.544749095,40.651713299],[-1.547030264,40.649607062],[-1.5519612630000001,40.643092932],[-1.551878364,40.64255139],[-1.5547114560000002,40.635668469],[-1.5547538120000002,40.63041711],[-1.556124953,40.627146207],[-1.5598896960000002,40.621968368000005],[-1.5595585490000001,40.621423732000004],[-1.562982898,40.616655923],[-1.5629737430000001,40.615980178],[-1.564856223,40.614742420000006],[-1.555384772,40.607183316000004],[-1.5549273080000001,40.604826392],[-1.553041313,40.602397518000004],[-1.545515087,40.595195286],[-1.5496609080000001,40.593112448],[-1.5556875190000001,40.585990258],[-1.566692516,40.579713387000005],[-1.582894966,40.569454558000004],[-1.587184181,40.569408034000006],[-1.598749323,40.562053904],[-1.602311534,40.564565416],[-1.6297062610000002,40.576064385],[-1.6342498470000002,40.579793709],[-1.6432931880000001,40.580143590000006],[-1.653713245,40.5819592],[-1.6664605460000002,40.582044121],[-1.6743305320000001,40.592170275],[-1.678100638,40.590952324],[-1.685820899,40.579905943],[-1.6932848010000001,40.577648477000004],[-1.693051941,40.576258524],[-1.689639173,40.566490582],[-1.692052458,40.562067725000006],[-1.6986623390000002,40.546467504000006],[-1.7016239780000002,40.541095695],[-1.70130336,40.539966012],[-1.7018921420000002,40.538215956],[-1.7013771100000001,40.532480683],[-1.7007133440000002,40.531392179],[-1.700764941,40.530554958],[-1.699955662,40.527834250000005],[-1.6987566790000002,40.526343326],[-1.696947734,40.522214985000005],[-1.697419776,40.521004146],[-1.6967577530000002,40.51983456],[-1.6969278950000002,40.514097977000006],[-1.69551782,40.511334415],[-1.6951750890000001,40.493700598000004],[-1.6925119590000002,40.486823884],[-1.700500766,40.483103400000005],[-1.709343891,40.481544987],[-1.71416601,40.479860108000004],[-1.725729705,40.474763251000006],[-1.7346367900000002,40.472221646],[-1.748599875,40.462896643],[-1.758434429,40.450850012000004],[-1.759794324,40.448080918],[-1.761168027,40.447122718],[-1.763518034,40.444364197000006],[-1.765246765,40.44332867],[-1.767079322,40.439834838],[-1.770459867,40.435492627],[-1.7696583320000001,40.434835457000005],[-1.7717082530000001,40.434271712000005],[-1.775198277,40.431660205],[-1.7770011040000002,40.429760444],[-1.783075363,40.419788825000005],[-1.7854337420000002,40.413183172000004],[-1.7894798330000001,40.414964357],[-1.793400289,40.417852172],[-1.7950314100000002,40.417598940000005],[-1.7959441960000002,40.417968813],[-1.7967261630000002,40.417742736],[-1.796402703,40.416712360000005],[-1.800643103,40.414215997],[-1.802049548,40.411338764],[-1.8017351400000001,40.409794993000006],[-1.802301348,40.407107227000004],[-1.803521544,40.40608386],[-1.8045132320000001,40.403986064],[-1.8035302670000002,40.401597550000005],[-1.803852857,40.40068199],[-1.8046814050000002,40.400474357],[-1.805259348,40.399777648000004],[-1.805664074,40.397995195],[-1.8069617770000002,40.398576152000004],[-1.807870372,40.398504444000004],[-1.8080867520000001,40.398930092],[-1.8077248860000001,40.399403830000004],[-1.808819806,40.400126817],[-1.809379257,40.39980826],[-1.8095530850000001,40.399305554],[-1.810163344,40.399446969],[-1.810958995,40.40043712],[-1.8108866140000002,40.401202129000005],[-1.8112663830000002,40.40171954],[-1.8122067220000002,40.401855328],[-1.81410055,40.404063923],[-1.8178964480000002,40.405337010000004],[-1.817979205,40.405995503],[-1.8208141080000002,40.407646047],[-1.8215856600000002,40.407329595],[-1.8223264360000002,40.409454225000005],[-1.8227930600000002,40.409729243],[-1.8236802650000001,40.409540079],[-1.824186974,40.410220897],[-1.8240430870000002,40.41103924],[-1.8244096600000002,40.411646561000005],[-1.825258244,40.411646178000005],[-1.825953568,40.413004570000005],[-1.828371602,40.414254304],[-1.8295816280000001,40.415843110000004],[-1.830983604,40.416559986],[-1.8328583100000002,40.418569883],[-1.833022632,40.419292250000005],[-1.8326279630000002,40.419621592000006],[-1.832178775,40.421058471],[-1.8327050690000002,40.421298016],[-1.833951718,40.420779076],[-1.834288673,40.421061748],[-1.834671627,40.422777289],[-1.8355544490000002,40.423533919],[-1.8367027630000001,40.425986876],[-1.838468535,40.426130755],[-1.8388852390000001,40.425891703000005],[-1.8392656340000002,40.425021666],[-1.840388536,40.424159077000006],[-1.8409726270000002,40.42240821],[-1.842470129,40.421693498],[-1.8423618480000001,40.421133865],[-1.844201578,40.417638821000004],[-1.8453276070000002,40.417271701000004],[-1.8457836730000001,40.417483459],[-1.8461404730000002,40.41867619],[-1.847725153,40.419061358],[-1.84913188,40.418823123],[-1.8500665330000001,40.420003575],[-1.8510956840000001,40.419788586],[-1.8522602750000001,40.421313642],[-1.853960464,40.421844014],[-1.852793842,40.422517116],[-1.8507053150000001,40.422640513000005],[-1.8503682360000002,40.423745249],[-1.850778119,40.424596157],[-1.8536173560000002,40.425390099000005],[-1.855766727,40.425159146000006],[-1.8567182080000002,40.425357746],[-1.856124153,40.428414878000005],[-1.8565887980000002,40.429518553],[-1.8575875400000001,40.430411294],[-1.857751442,40.431872346000006],[-1.857470117,40.432473159000004],[-1.857382606,40.435553316000004],[-1.8578358350000002,40.436638855000005],[-1.8577523500000002,40.438088452],[-1.8592522690000002,40.440031154],[-1.8600032540000002,40.440245766000004],[-1.8614406490000002,40.439611297],[-1.863165659,40.440799423],[-1.8625704850000002,40.442532272],[-1.8605472200000002,40.444341136000006],[-1.860691359,40.444883086000004],[-1.861621159,40.445685024],[-1.862794979,40.446002878],[-1.8628966340000002,40.446967822000005],[-1.864101,40.447574246],[-1.8643415810000001,40.448693703],[-1.8653038460000002,40.448973418],[-1.8661885450000002,40.450360449],[-1.8663356000000002,40.451433941000005],[-1.865308983,40.452874286000004],[-1.865353392,40.453739568],[-1.86362662,40.455434278000006],[-1.8621775680000001,40.45604163],[-1.8610105060000002,40.457408482000005],[-1.862725361,40.460623493],[-1.8627415020000002,40.461065083],[-1.861929122,40.461678694],[-1.8619157430000002,40.462471336],[-1.8637953580000002,40.464318615],[-1.86536002,40.465261892],[-1.8667160930000002,40.465284206],[-1.867002448,40.465791506],[-1.866842745,40.467573681000005],[-1.869166695,40.466857722],[-1.8720681780000001,40.468985123],[-1.8741454450000001,40.471032356],[-1.8744184050000001,40.473052983],[-1.8739785990000002,40.473958586],[-1.873116674,40.474004238],[-1.8721273790000001,40.473201814],[-1.8716639190000002,40.473404492],[-1.871514691,40.473862483000005],[-1.872028422,40.474885491],[-1.8733023290000002,40.475600603000004],[-1.876586708,40.476019953000005],[-1.876722095,40.476390629],[-1.87600056,40.477212422],[-1.8768394270000002,40.479968255],[-1.877050815,40.482150433],[-1.8775063090000002,40.483136815],[-1.8780210030000002,40.483403068],[-1.8782074460000002,40.484251702],[-1.8778991790000001,40.48505049],[-1.8789785940000001,40.486124001],[-1.881428308,40.487102668000006],[-1.881117522,40.488054589],[-1.8796949550000002,40.488455210000005],[-1.8788092070000002,40.489212365],[-1.878860699,40.489663302000004],[-1.881352195,40.4909757],[-1.8812470410000002,40.491623313000005],[-1.880174146,40.49227957],[-1.880024182,40.492782607],[-1.8808159530000002,40.494132583],[-1.881759358,40.494880435000006],[-1.8820656450000002,40.496333808],[-1.8847271250000002,40.498089206],[-1.8844011,40.499248188],[-1.8848801130000001,40.500252783],[-1.885856811,40.501136053],[-1.886552757,40.502584161],[-1.8874442320000002,40.503628754000005],[-1.8887939550000001,40.50408317],[-1.888730902,40.50575819],[-1.886681679,40.507147535],[-1.8839192750000002,40.510030684],[-1.8837193680000002,40.512118775000005],[-1.8840043640000002,40.514148492000004],[-1.8819364170000001,40.516416698],[-1.881458598,40.517466089],[-1.8829312500000002,40.520480248000005],[-1.8864639820000002,40.525279982],[-1.8879429330000002,40.526510412],[-1.8885650010000001,40.527444298000006],[-1.889074039,40.529503181],[-1.8899446430000002,40.530403416000006],[-1.895400342,40.53249171],[-1.895879316,40.532802587],[-1.8962605650000002,40.534031415],[-1.89661147,40.534232961],[-1.8981727300000002,40.534067698],[-1.899262656,40.534564565000004],[-1.899513671,40.53509847],[-1.8990877830000001,40.536589852000006],[-1.900129076,40.538617723],[-1.9000949930000002,40.539257015000004],[-1.8993421970000002,40.540520065],[-1.8998060470000002,40.541037981],[-1.9004161540000002,40.54127802],[-1.9040624380000002,40.54070911],[-1.905510304,40.541713801],[-1.908199074,40.541207741],[-1.9090718930000001,40.54127004],[-1.9094671810000001,40.541652137],[-1.9091351920000001,40.543189487],[-1.904488202,40.546460689],[-1.9056026460000002,40.547642387],[-1.908183471,40.549432516],[-1.90837962,40.550443341000005],[-1.907973426,40.552907876],[-1.909745001,40.553636295000004],[-1.9102195190000002,40.554235344000006],[-1.9094456030000002,40.557525215000005],[-1.9096362690000002,40.558148614000004],[-1.910981349,40.559692777],[-1.9098843980000002,40.561051747],[-1.909840626,40.561564828],[-1.9139779040000002,40.566486497],[-1.9149661370000002,40.568198421000005],[-1.9153339420000002,40.570291883],[-1.915954318,40.571378746],[-1.914632982,40.572726644],[-1.9145863220000001,40.573419872],[-1.915974993,40.575216625],[-1.9160616560000001,40.576433606],[-1.916754869,40.577404034000004],[-1.9157643830000002,40.580205437000004],[-1.9174160040000001,40.581094767],[-1.916490065,40.582824752],[-1.917891084,40.584603579],[-1.920591152,40.585700871],[-1.921442475,40.587870896000005],[-1.922975147,40.589560803000005],[-1.923422401,40.591880190000005],[-1.924971132,40.591840564],[-1.926448063,40.594070423000005],[-1.9290582680000001,40.593428017],[-1.930374797,40.594611338],[-1.9335172740000002,40.595424148],[-1.9367415040000002,40.597048401],[-1.9385013400000002,40.597118640000005],[-1.9418351420000002,40.600050008000004],[-1.9434435700000001,40.599983655],[-1.944606105,40.600462732000004],[-1.948228241,40.600865128],[-1.952592829,40.599895826],[-1.9540661950000002,40.600152411],[-1.9552087100000002,40.601162709],[-1.956420239,40.603056464000005],[-1.9565490870000002,40.605408877],[-1.958344322,40.607019607000005],[-1.9610834680000002,40.611035091000005],[-1.9617848130000002,40.611545878],[-1.9644566920000002,40.611524825000004],[-1.964943791,40.611367037],[-1.966606807,40.609309953],[-1.968119334,40.608575763000005],[-1.963856282,40.599132596000004],[-1.9654346280000001,40.592588462],[-1.9659049000000002,40.591980086],[-1.9669667890000002,40.591322950000006],[-1.9681482330000002,40.591342520000005],[-1.9699242360000002,40.589583672],[-1.973466417,40.589777366],[-1.9855265720000002,40.585433657],[-1.9923675930000002,40.589412307],[-1.9964557440000001,40.590240663],[-2.0009969020000002,40.591604304],[-2.0055730400000003,40.591418581],[-2.007641192,40.592211113000005],[-2.014066253,40.595680418],[-2.018775963,40.596882643],[-2.022918357,40.598908671000004],[-2.029181306,40.598979502000006],[-2.031254792,40.599438336000006],[-2.035798112,40.601566362],[-2.044315252,40.606862169],[-2.0474969570000003,40.609212685],[-2.049524899,40.611247329],[-2.052263002,40.614900314],[-2.053770522,40.61613785],[-2.0574525180000003,40.618275983000004],[-2.0575242140000003,40.624105152000006],[-2.0634709680000003,40.627513754000006],[-2.0687931020000003,40.62911529],[-2.070954107,40.628466059000004],[-2.071702024,40.629102679000006],[-2.083603041,40.634720048000005],[-2.0918119760000002,40.643271042],[-2.091202292,40.646365207],[-2.110118227,40.651386243000005],[-2.1112072740000003,40.650430712],[-2.1193538910000003,40.650646299],[-2.1212627370000003,40.651201363000006],[-2.125961153,40.653714406000006],[-2.133739468,40.655917098],[-2.1436244550000003,40.657152981],[-2.1469972790000003,40.657961708],[-2.1521109330000003,40.657693097],[-2.156936501,40.658692371],[-2.1577512580000002,40.657869526000006],[-2.158472117,40.656046034],[-2.1606600040000004,40.654197180000004],[-2.161146569,40.652182784000004],[-2.1628080130000003,40.65079851],[-2.163707488,40.646021443],[-2.163705891,40.644255737],[-2.1649940290000003,40.6414904],[-2.165088008,40.639644306],[-2.1658645560000003,40.638064397],[-2.166869199,40.632405206],[-2.16831262,40.631388627],[-2.1692492690000003,40.630233254000004],[-2.170341479,40.629880763],[-2.1849559810000003,40.628939875],[-2.189775747,40.630289077],[-2.213815137,40.619176443],[-2.225670789,40.619373700000004],[-2.232819396,40.623853718],[-2.2354551750000002,40.627033262000005],[-2.237017653,40.626881445],[-2.246577571,40.630529710000005],[-2.253234544,40.631608977],[-2.25483637,40.63217787],[-2.2592804770000003,40.635566722],[-2.268366242,40.641705548000004],[-2.274601236,40.644753810000005],[-2.276858213,40.637272745000004],[-2.27997046,40.633778813],[-2.285040489,40.631837428000004],[-2.2871937900000003,40.631724626],[-2.290402192,40.630239944],[-2.2942449050000002,40.624651077],[-2.294933523,40.622132843],[-2.29444784,40.61997679],[-2.2950892090000004,40.617449255000004],[-2.293912703,40.613541281],[-2.2942159440000003,40.611687336],[-2.2896734380000003,40.603056133],[-2.288407173,40.599859241000004],[-2.2870012720000004,40.597580364],[-2.286282988,40.595107529],[-2.286041844,40.59222324],[-2.286752062,40.588777279000006],[-2.2876836760000003,40.587846122],[-2.2890967630000003,40.587197194000005],[-2.29031514,40.585961483000006],[-2.292196353,40.57900926],[-2.2962065380000003,40.574042921],[-2.297882403,40.572805296000006],[-2.30286277,40.573312925],[-2.3055439890000002,40.574518237],[-2.3098760140000003,40.573751424],[-2.3164527390000003,40.570655462000005],[-2.322167618,40.569788254],[-2.325861317,40.570188239000004],[-2.3277213900000002,40.568478395],[-2.3292343360000003,40.568397101],[-2.330092407,40.567645339],[-2.3315731210000004,40.567239511000004],[-2.335759936,40.567939322],[-2.337131909,40.567776035],[-2.33871945,40.568514848],[-2.3403270650000003,40.568415933000004],[-2.3417136590000003,40.569171575000006],[-2.3431540550000003,40.569260853],[-2.343799461,40.569705953],[-2.345531882,40.572562568],[-2.3481743880000003,40.574181078],[-2.351105523,40.575287647],[-2.353058237,40.574947255000005],[-2.3542182460000003,40.576228916000005],[-2.3598473280000003,40.580638560000004],[-2.357080615,40.585776189],[-2.3539604990000003,40.589524417],[-2.354390612,40.592724935],[-2.3590311240000004,40.596840793000005],[-2.362873306,40.599204358],[-2.3671442810000003,40.601245834000004],[-2.372573114,40.60715821],[-2.374560647,40.606970814],[-2.376445247,40.607683703],[-2.3808108580000003,40.60725679],[-2.384926755,40.609567039000005],[-2.387387537,40.609336903],[-2.393147296,40.611601532],[-2.3964054270000004,40.612096098],[-2.39873102,40.61376586],[-2.3995135320000003,40.613508683],[-2.4009169910000003,40.612552047],[-2.404375116,40.609173661],[-2.4065458200000003,40.608320014],[-2.4097150970000003,40.605471498],[-2.4124512240000002,40.602116197],[-2.415560384,40.595249298000006],[-2.416071842,40.593513196],[-2.41633967,40.587172369],[-2.417281869,40.583447495],[-2.416177249,40.580027573],[-2.409980662,40.575248395],[-2.406628448,40.573555556],[-2.406117001,40.572606999],[-2.4021598280000003,40.568559618],[-2.400541859,40.565857585],[-2.3996014540000004,40.565339191],[-2.395895388,40.564986515],[-2.39345944,40.563955736000004],[-2.3910166040000003,40.559780790000005],[-2.390789377,40.557482341000004],[-2.38970208,40.556251393000004],[-2.3867773000000003,40.555767424],[-2.383814317,40.554301214000006],[-2.382775934,40.552908300000006],[-2.3823184520000003,40.549995992],[-2.3803143550000003,40.545529653],[-2.380153,40.543817102000006],[-2.3823287470000003,40.542446621],[-2.383453259,40.540867074000005],[-2.386460135,40.540045276],[-2.389255436,40.537807885],[-2.3945683040000003,40.53526835],[-2.396698008,40.533468716],[-2.4083091370000003,40.528925286],[-2.4097102280000002,40.528022563],[-2.4118208940000003,40.525627964],[-2.414307287,40.528874814000005],[-2.4170339380000003,40.530312034000005],[-2.4174661090000003,40.532215097000005],[-2.4192071370000003,40.535692306],[-2.42146383,40.538271185],[-2.423883619,40.539751748],[-2.4267445640000003,40.540747973],[-2.4292105150000003,40.539598054],[-2.433093168,40.535671300000004],[-2.4353698390000003,40.534529326000005],[-2.436334721,40.532110645],[-2.4372774720000003,40.530917061000004],[-2.439187244,40.529854300000004],[-2.44112878,40.529224089],[-2.4424619720000003,40.527915236000005],[-2.4486408440000003,40.524530547000005],[-2.4562280160000003,40.523557559000004],[-2.4586571200000003,40.523911324000004],[-2.460599899,40.523082593000005],[-2.462628934,40.523272241],[-2.464725275,40.522426128],[-2.468403162,40.520127818000006],[-2.4710236610000003,40.520157871],[-2.473201585,40.519420085],[-2.475556461,40.517178564000005],[-2.4788187440000002,40.515112264],[-2.4851575240000003,40.512041615],[-2.4881764850000003,40.510856843],[-2.494935099,40.509922643],[-2.4959703280000003,40.508810053000005],[-2.503592348,40.510789014000004],[-2.504047819,40.511448627],[-2.506026791,40.511997649],[-2.5136010950000003,40.515768533],[-2.514957685,40.517530990000004],[-2.516355473,40.520140447],[-2.516466652,40.521095864],[-2.515828078,40.522885972000005],[-2.515929329,40.523580087],[-2.5167831560000002,40.524691766000004],[-2.518069675,40.528030460000004],[-2.521599487,40.531396466000004],[-2.5227238560000003,40.536004692000006],[-2.524989288,40.537914920000006],[-2.527235337,40.544275441],[-2.531346987,40.540607543],[-2.534194132,40.538727183000006],[-2.5365699850000003,40.536673691000004],[-2.5387136270000004,40.534024631],[-2.541418224,40.52873813],[-2.541618186,40.527117309000005],[-2.542908086,40.523203517000006],[-2.543659164,40.522125409000004],[-2.5451536910000003,40.521086262000004],[-2.546265968,40.518955507],[-2.544469658,40.515759255],[-2.5423732190000004,40.513327551],[-2.5420281030000003,40.510272133],[-2.540454257,40.507401022],[-2.537034083,40.505297279000004],[-2.531469757,40.500977553000006],[-2.5304404710000004,40.49964905],[-2.5287585110000004,40.498840401],[-2.528726329,40.498380811000004],[-2.529132803,40.497634723000004],[-2.5299255410000003,40.497340654000006],[-2.5296112070000003,40.496726763000005],[-2.531848258,40.495771886],[-2.532017669,40.49516897],[-2.5327845730000003,40.495190091000005],[-2.533165942,40.494651093],[-2.534545649,40.494791794],[-2.53535885,40.493236511],[-2.536663695,40.492250760000005],[-2.537167357,40.491081609000005],[-2.5375524250000003,40.488281351000005],[-2.5364185210000003,40.486736267000005],[-2.536458452,40.486078770000006],[-2.537423334,40.484749303],[-2.538869812,40.483728057],[-2.5393836260000002,40.48278416],[-2.540495867,40.482320120000004],[-2.540692762,40.481131712],[-2.541156511,40.480602023],[-2.540817879,40.480087164000004],[-2.541857056,40.478217412],[-2.542042915,40.476911841],[-2.5431263200000003,40.475465676000006],[-2.544453261,40.474633076],[-2.5415866830000002,40.474612730000004],[-2.536372723,40.472844177000006],[-2.528678051,40.469921149],[-2.523036404,40.467015109],[-2.5195653940000002,40.464135855],[-2.516221373,40.460040802],[-2.5111147170000003,40.458361630000006],[-2.50453423,40.448648848000005],[-2.505276659,40.445507867],[-2.506441422,40.444260590000006],[-2.5065939100000003,40.437936898000004],[-2.5090454330000003,40.433217601],[-2.510503608,40.428872421],[-2.512201284,40.427239957000005],[-2.513345874,40.425460993],[-2.515464519,40.424280705],[-2.519808739,40.423424965],[-2.520254753,40.423697089],[-2.520507158,40.424671115],[-2.5208833520000002,40.424816820000004],[-2.523730408,40.423963719],[-2.5252992890000003,40.42381702],[-2.527304657,40.425302725],[-2.532382089,40.427494564],[-2.533796847,40.427482262000005],[-2.535096954,40.427001011],[-2.53685052,40.425719757],[-2.5377247730000003,40.425443976000004],[-2.540485256,40.425157687],[-2.5425462970000003,40.425445144],[-2.544485082,40.426380736000006],[-2.5454004890000004,40.428735704000005],[-2.546571241,40.429947516000006],[-2.5479101710000003,40.430700513000005],[-2.54802286,40.431475732],[-2.5465611790000002,40.433190734],[-2.54629464,40.434252755],[-2.546596016,40.435019707],[-2.5475722800000002,40.435365877],[-2.5513184840000003,40.434065162],[-2.552272798,40.434167963],[-2.5538929230000003,40.435210268000006],[-2.5569374700000003,40.434807565],[-2.558298301,40.435848815],[-2.560987629,40.439291507],[-2.564142639,40.438240383],[-2.566701766,40.438159917],[-2.5681337330000003,40.439174289],[-2.567830903,40.442263256000004],[-2.568956801,40.443213410000006],[-2.575992753,40.445671886],[-2.5765114820000004,40.445691805],[-2.5780849960000003,40.444868723],[-2.58008931,40.444921064],[-2.5830452050000003,40.447454302000004],[-2.5842956750000003,40.449287646],[-2.586235513,40.450258575],[-2.5896303250000003,40.450513918000006],[-2.5917104920000003,40.449755512],[-2.59244458,40.449271612000004],[-2.593111334,40.448219899],[-2.593016752,40.446309642],[-2.593330475,40.445130557000006],[-2.59955537,40.443368486000004],[-2.6012401140000003,40.443617554],[-2.604516405,40.44593513],[-2.606703708,40.446969626000005],[-2.6083074390000003,40.446975069000004],[-2.610823334,40.446262839],[-2.6143673140000003,40.447220666],[-2.6175841610000004,40.445582689000005],[-2.619672145,40.445445431],[-2.621670942,40.446488032000005],[-2.62499339,40.449138513],[-2.62643043,40.449440464000006],[-2.62854613,40.448573401000004],[-2.6307712960000003,40.444940863],[-2.63149494,40.444150373],[-2.632853592,40.443677214000004],[-2.634442475,40.444231803],[-2.638305244,40.447352083000006],[-2.640750724,40.448729086],[-2.641575576,40.448848764000005],[-2.642711153,40.448194617000006],[-2.64675896,40.443143956],[-2.649932053,40.440667115000004],[-2.651669693,40.439834524000005],[-2.654172024,40.439328521],[-2.658827736,40.439675688],[-2.6609871640000002,40.439348706000004],[-2.66159077,40.438900022000006],[-2.662994202,40.4364897],[-2.663845321,40.436050735],[-2.66754746,40.438448835],[-2.669153962,40.440246241000004],[-2.670698455,40.442683089],[-2.6709400760000004,40.443909008000006],[-2.670756068,40.447773375000004],[-2.6721787740000003,40.44863328],[-2.673157686,40.448609024],[-2.675873053,40.447977024000004],[-2.6764884700000002,40.447519286],[-2.678638217,40.444318052],[-2.6803644020000004,40.443358867],[-2.6812027620000003,40.443117937000004],[-2.6851521870000004,40.443290925],[-2.6847126510000003,40.441469901000005],[-2.6835372580000003,40.440673895],[-2.6790768490000003,40.438895829],[-2.6775969560000004,40.437693509000006],[-2.676356353,40.435780127],[-2.676763338,40.434510991],[-2.6773441690000004,40.433863962000004],[-2.682760746,40.430329387],[-2.6850129390000004,40.427731931000004],[-2.686441675,40.427249331000006],[-2.69193587,40.427137994000006],[-2.695124066,40.428596915],[-2.69613214,40.429878859000006],[-2.698724017,40.43028205],[-2.700587227,40.430178789],[-2.7018160460000002,40.429569354],[-2.703449725,40.425375338],[-2.7040162580000002,40.422547944],[-2.703794948,40.421943768000006],[-2.700650151,40.41871041],[-2.6891605170000004,40.410373686],[-2.6875535520000002,40.408711679],[-2.6847315550000004,40.404794068],[-2.681696848,40.403560516000006],[-2.680769879,40.402711106000005],[-2.6851287100000003,40.398002294],[-2.687552381,40.396288135000006],[-2.6906685660000003,40.395134345],[-2.693718837,40.398079440000004],[-2.6971391230000004,40.402656072],[-2.6989731210000003,40.406273513],[-2.702343957,40.411543559],[-2.703306243,40.412491989],[-2.704460284,40.415404882000004],[-2.705094162,40.416001102],[-2.713685795,40.419031758],[-2.717430912,40.419824774000006],[-2.7182583510000002,40.419277242],[-2.7189232800000003,40.418125699],[-2.717950232,40.416862054],[-2.7160574630000003,40.415686234000006],[-2.7131147060000003,40.414751025],[-2.711986968,40.413865327],[-2.7119678,40.412838243],[-2.712823084,40.411281800000005],[-2.714289392,40.410150290000004],[-2.7151916550000004,40.408611963000006],[-2.716043346,40.407875314],[-2.7177078690000003,40.40722173],[-2.7196758830000003,40.407262559],[-2.72035835,40.407525478000004],[-2.721859166,40.409393986000005],[-2.725292252,40.411447269],[-2.72802675,40.411426714],[-2.72580406,40.410223248],[-2.725034415,40.408212388],[-2.7249689420000003,40.406932939],[-2.721642719,40.404744766],[-2.719687824,40.401577841000005],[-2.7198713910000003,40.399947636],[-2.720678669,40.398517142],[-2.72289984,40.397117068],[-2.7258529420000004,40.398250254000004],[-2.731720262,40.398525293000006],[-2.737121707,40.400420619],[-2.7431983360000003,40.404569467],[-2.7502194610000004,40.408476785000005],[-2.754045827,40.409566080000005],[-2.758400319,40.411314020000006],[-2.760023163,40.412335430000006],[-2.761489756,40.414221369],[-2.764461968,40.417020288],[-2.769869052,40.421400596000005],[-2.767834951,40.423297449],[-2.766004219,40.427690199000004],[-2.764704458,40.428534415],[-2.76361735,40.432586287],[-2.7627517160000004,40.433989931],[-2.7618904310000003,40.434159332],[-2.761362364,40.436770876000004],[-2.7598656150000003,40.439875907],[-2.7600702750000004,40.441993464],[-2.762483795,40.443052512],[-2.7653271360000002,40.442616878],[-2.769111404,40.442867747],[-2.774655237,40.445869724000005],[-2.776846099,40.446621735],[-2.779515421,40.445329545],[-2.781290014,40.443558118000006],[-2.782728538,40.439948188],[-2.783278481,40.437615867000005],[-2.784643715,40.434726502000004],[-2.788715981,40.433265536],[-2.790041431,40.43168235],[-2.7898219490000002,40.430240495],[-2.788928278,40.42950012],[-2.786173112,40.428386936],[-2.7858338480000002,40.427566479],[-2.786035296,40.427242524],[-2.787440037,40.426659524],[-2.7906113180000003,40.426638285],[-2.792064141,40.425739997],[-2.793128544,40.424633786],[-2.7942972910000003,40.424086316],[-2.798246719,40.42398514],[-2.7996152440000004,40.42362714],[-2.79946553,40.422446687000004],[-2.797844378,40.420588002],[-2.797517017,40.419695530000006],[-2.798411036,40.416390731],[-2.8026365440000003,40.410442928],[-2.8066159080000004,40.407854964],[-2.807679658,40.406793643],[-2.8076943140000004,40.40579365],[-2.807096694,40.404603454000004],[-2.806038708,40.403682764],[-2.8059137990000003,40.402051897],[-2.8045212960000003,40.398671134000004],[-2.8053506450000003,40.397131952],[-2.809905629,40.39485113],[-2.8102987870000002,40.393329218000005],[-2.810124493,40.392464052],[-2.809431328,40.391751197000005],[-2.808230445,40.391415891],[-2.8063805410000002,40.391421847000004],[-2.8058869730000002,40.390970568],[-2.806597489,40.389737489000005],[-2.8098544590000003,40.387968027],[-2.8114609610000003,40.386502125],[-2.812378278,40.382899902000005],[-2.8128839340000003,40.379026732],[-2.8121721600000003,40.376593089],[-2.812160751,40.372268623000004],[-2.812919442,40.370549069],[-2.813171256,40.36895483],[-2.814616827,40.365866950000004],[-2.816965739,40.364023749000005],[-2.816626528,40.363167335],[-2.8153581190000003,40.361868001000005],[-2.8153419520000003,40.359192217],[-2.817217292,40.353861661],[-2.8173242430000003,40.349195009000006],[-2.817905815,40.347511175],[-2.817155296,40.34638384],[-2.815202853,40.345596959000005],[-2.814980257,40.345191188],[-2.8156108360000003,40.342822735000006],[-2.8152247530000003,40.341930202],[-2.8144247730000003,40.341694693],[-2.8134581570000003,40.342107583],[-2.812593307,40.344016175],[-2.8116856450000003,40.344384098],[-2.8112152790000002,40.344167115000005],[-2.811217211,40.343482411000004],[-2.8103822110000003,40.343138705],[-2.8100899790000002,40.342390457],[-2.810744633,40.339886928000006],[-2.81336111,40.338909119],[-2.812810808,40.337818111000004],[-2.8129305540000002,40.337097557],[-2.813673664,40.336594221000006],[-2.8160170150000003,40.336408737],[-2.816692788,40.334689016000006],[-2.81576401,40.334228081],[-2.8152986490000003,40.332218265],[-2.8117224110000003,40.331311648],[-2.811457796,40.329122009],[-2.8110132340000002,40.328139298],[-2.808497569,40.32692798],[-2.809152536,40.311838764],[-2.8079684520000003,40.306125024],[-2.806895882,40.294429365],[-2.8046884690000002,40.28882198],[-2.805120085,40.286029857],[-2.805167301,40.281912737],[-2.8049101540000003,40.281344728],[-2.8065508120000002,40.279410489],[-2.805633659,40.271075633],[-2.805597821,40.267147687000005],[-2.8042714970000002,40.266226555],[-2.802631383,40.264025611],[-2.803175709,40.262864381],[-2.803464367,40.260639664],[-2.8039015980000004,40.259901670000005],[-2.8039185410000003,40.258099912000006],[-2.803320826,40.257405217000006],[-2.8058531450000004,40.251832934],[-2.8054934250000003,40.250156671],[-2.8071972460000003,40.246375746000005],[-2.808364038,40.245368669],[-2.8075256470000003,40.242493431],[-2.8080947480000003,40.240791676],[-2.808777414,40.240504512],[-2.811084375,40.235265058],[-2.811220935,40.232643669000005],[-2.812153206,40.231320856],[-2.814187687,40.226657465],[-2.814381112,40.224684806],[-2.8156064300000003,40.223587654],[-2.817995568,40.222375194],[-2.8204237090000004,40.219712282],[-2.820296647,40.218874241],[-2.818914044,40.217304519],[-2.821642261,40.212173543000006],[-2.8228970060000003,40.208679928],[-2.821531357,40.205182309],[-2.823757356,40.203167663],[-2.825980435,40.202243073000005],[-2.830376335,40.201627941000005],[-2.8348649910000003,40.201490256],[-2.848386109,40.202634797],[-2.8499022760000003,40.202429554000005],[-2.851866127,40.201675292000004],[-2.85422775,40.201696221000006],[-2.856343975,40.201086171],[-2.859152567,40.200864289],[-2.861821897,40.199786314],[-2.863125406,40.200112141000005],[-2.864679868,40.198339115],[-2.864622477,40.197663367000004],[-2.865916838,40.19666481],[-2.868205365,40.191910525000004],[-2.868081731,40.189045484000005],[-2.871974207,40.180689181000005],[-2.8736684340000003,40.179186429000005],[-2.873367334,40.176897782000005],[-2.875049041,40.175746350000004],[-2.8748862440000003,40.174863282000004],[-2.873737647,40.173573778000005],[-2.876666074,40.171387550000006],[-2.879861397,40.170904245],[-2.8875878540000004,40.164632103],[-2.8941321170000003,40.162583699],[-2.9034858160000003,40.158266717000004],[-2.9048484400000003,40.157898376000006],[-2.9098159370000003,40.157541745],[-2.9114839860000004,40.157083474000004],[-2.9131160630000004,40.157165734],[-2.9253113390000003,40.161507429000004],[-2.9312871200000004,40.162871359],[-2.933717945,40.162917731],[-2.93665252,40.164189624],[-2.9432725050000004,40.168075911],[-2.946982444,40.169609140000006],[-2.94845983,40.172681987000004],[-2.952203543,40.176692681000006],[-2.9564657000000003,40.1789556],[-2.959481873,40.183019881],[-2.96611757,40.185202170000004],[-2.96940556,40.187590559],[-2.981115674,40.193980624000005],[-2.9888329590000002,40.201089985],[-2.98819814,40.202648569000004],[-2.998185148,40.20908175],[-2.999278023,40.208568206],[-3.0009349120000004,40.208478083],[-3.0044014540000004,40.209126628],[-3.005682309,40.208865278000005],[-3.006481335,40.208009326],[-3.006586963,40.205513703],[-3.0074328180000003,40.202747739],[-3.00731525,40.201648596000005],[-3.008255097,40.199855638],[-3.0103815230000004,40.197711185],[-3.012989719,40.196972108000004],[-3.0164666330000003,40.192944389000004],[-3.0177824060000003,40.192772995000006],[-3.0197679720000004,40.193178103],[-3.021070551,40.18749291],[-3.02119894,40.184348584000006],[-3.0181077330000003,40.176195523000004],[-3.0151593080000003,40.174385076],[-3.0129982080000004,40.174421405000004],[-3.012258203,40.17397102],[-3.0121991770000003,40.171709645],[-3.013161797,40.168682338],[-3.015956139,40.164555599],[-3.0160491470000004,40.159492223],[-3.0148274990000004,40.156978734],[-3.014439728,40.155239942],[-3.015965699,40.152708043000004],[-3.016517495,40.152455694000004],[-3.019089353,40.154653623],[-3.020909596,40.155743474000005],[-3.026193806,40.156823573000004],[-3.030937674,40.15700262],[-3.035083545,40.158947517],[-3.0380083790000003,40.160838607],[-3.0496006700000002,40.164032651],[-3.05985539,40.167379378],[-3.0617462740000003,40.167513535000005],[-3.063766891,40.168251226],[-3.0645160270000003,40.165511931000005],[-3.0672491820000003,40.16223094],[-3.067635794,40.161275713],[-3.0674809950000004,40.159014423],[-3.0678451370000004,40.157914155],[-3.0687805970000004,40.159932632],[-3.070466407,40.161867763000004],[-3.0726288200000003,40.16239259],[-3.0768321970000003,40.165073850000006],[-3.0777529120000002,40.166166999000005],[-3.077126867,40.172510982000006],[-3.0809622140000004,40.178223126000006],[-3.081467301,40.179256165000005],[-3.081995447,40.181919897],[-3.082592844,40.182500591],[-3.0831195940000002,40.183925518],[-3.085759438,40.186145363],[-3.08578403,40.187043587000005],[-3.084399829,40.188686106000006],[-3.085543347,40.191012423000004],[-3.086698648,40.192352186],[-3.086585905,40.193336099],[-3.085413897,40.194691972],[-3.085775776,40.195672838],[-3.0847191580000004,40.197282686],[-3.084638232,40.198375588000005],[-3.088230056,40.200318095],[-3.0864095600000003,40.200871719000006],[-3.083338952,40.202490217000005],[-3.08158747,40.203872583],[-3.0794563850000003,40.208382348],[-3.0825352180000003,40.214459791],[-3.081790335,40.216645089000004],[-3.0806855840000003,40.217643189],[-3.079359735,40.223695695],[-3.079818019,40.226650463000006],[-3.0797041270000003,40.227773108],[-3.0808920430000004,40.229400294],[-3.0868665940000004,40.23383046],[-3.0868922590000003,40.234607048],[-3.0897683540000003,40.23876091],[-3.089591453,40.240138575],[-3.086620025,40.245281529],[-3.087057575,40.247283083],[-3.087826733,40.248369039],[-3.091491666,40.250155504000006],[-3.0929868480000002,40.252432793000004],[-3.0943208500000003,40.253719165],[-3.095569385,40.256084006],[-3.097120522,40.256992678],[-3.099652834,40.261421342000006],[-3.096398268,40.266896311],[-3.0960237970000004,40.269085878000006],[-3.096751056,40.271046607],[-3.0988133060000003,40.274614375000006],[-3.101528478,40.278092348],[-3.104316165,40.279562022],[-3.1077255910000003,40.280605821],[-3.108956307,40.283003856],[-3.1094432810000003,40.285192658],[-3.1126741840000003,40.285477896],[-3.1282410130000002,40.278786914],[-3.129851792,40.276520205000004],[-3.1352125990000004,40.27262755],[-3.1376956490000003,40.271503008],[-3.1397385050000004,40.269111332],[-3.141960977,40.267768083],[-3.1435058650000003,40.266392288000006],[-3.1505318620000002,40.265337504],[-3.153717726,40.263713502],[-3.154073706,40.261459812000005],[-3.155626084,40.259410851000005],[-3.159689245,40.256968374],[-3.161525563,40.255268508],[-3.1632910730000003,40.252512821],[-3.165275604,40.249949598],[-3.168109351,40.247097728],[-3.170479444,40.243697798],[-3.1706278670000003,40.241451562],[-3.17172688,40.240422896000005],[-3.1732259440000004,40.236751197000004],[-3.173396925,40.234169775000005],[-3.1748195420000003,40.235179409000004],[-3.1772402040000003,40.2361686],[-3.178400684,40.236244319],[-3.181600066,40.242259422000004],[-3.183162024,40.243387657],[-3.18790707,40.245077460000005],[-3.194449,40.24803708],[-3.1948241420000003,40.255081717],[-3.197205394,40.257547152],[-3.1941990490000003,40.258153124],[-3.1928239940000003,40.259275262],[-3.184209847,40.269707515],[-3.1865139460000003,40.275320220000005],[-3.186740409,40.278993840000005]]],[[[-3.3804631290000002,40.632565241],[-3.378218029,40.633497805000005],[-3.377104311,40.633541076],[-3.3768657560000004,40.634229227000006],[-3.375923482,40.634691741000005],[-3.3741555840000004,40.634487561],[-3.372259075,40.635611668],[-3.374844903,40.638486152000006],[-3.374049363,40.640249048],[-3.372665387,40.638926510000005],[-3.3706321270000004,40.639087085],[-3.3655639930000003,40.638129338000006],[-3.3636059570000003,40.63842108],[-3.363671177,40.636927215],[-3.364294192,40.636016268000006],[-3.3635817730000004,40.633961794],[-3.3642946030000003,40.632827145],[-3.3636647620000004,40.631602124000004],[-3.365478822,40.63140002],[-3.368161027,40.632525734000005],[-3.368876459,40.631665816],[-3.369376264,40.627943576],[-3.3720113470000004,40.626555884000005],[-3.371729113,40.625768517000004],[-3.372484478,40.626158875],[-3.374442445,40.626137242000006],[-3.376790011,40.628745793],[-3.382135121,40.630470583000005],[-3.380591036,40.63239095],[-3.3804631290000002,40.632565241]]]]}},{"type":"Feature","properties":{"province_code":"28","name":"Madrid","ign_nationalcode":"34132800000"},"geometry":{"type":"MultiPolygon","coordinates":[[[[-4.567692063,40.218006764],[-4.565676069,40.218188103],[-4.563466480000001,40.220787315],[-4.560906994000001,40.222793914],[-4.559796608,40.229980892],[-4.559328947,40.231269164000004],[-4.559615606,40.234286894],[-4.560649219,40.236095465000005],[-4.5647962820000005,40.238847547000006],[-4.5671234080000005,40.239846678],[-4.567640538,40.241319837000006],[-4.5679069000000005,40.250217918000004],[-4.569537537,40.257284353],[-4.56859488,40.257814790000005],[-4.568788455,40.258712153000005],[-4.568345956,40.259155081],[-4.566938722000001,40.259526393],[-4.565882876,40.260552382],[-4.564885744000001,40.260708212000004],[-4.563322147,40.261645550000004],[-4.5609783660000005,40.261897008000005],[-4.560091936,40.262726969],[-4.558748417,40.263163988],[-4.557795844,40.264137162000004],[-4.55664758,40.264372436],[-4.554554739,40.269823375],[-4.554152571,40.276363090000004],[-4.5554139440000005,40.276850993000004],[-4.549951957,40.280422433000005],[-4.5471827540000005,40.280154098000004],[-4.5460770880000005,40.282634603000005],[-4.543841167,40.285335587000006],[-4.540454997,40.287123937000004],[-4.53574343,40.287691973],[-4.534933369,40.288077491],[-4.534281943,40.289079809],[-4.531705929,40.290399507000004],[-4.529379145,40.293124839],[-4.531641639,40.297297536],[-4.531939293000001,40.299953907],[-4.535405474,40.305093441000004],[-4.535949358,40.307182576],[-4.536886014,40.308479118],[-4.537425045,40.310298946],[-4.536739599000001,40.315726859],[-4.539974961,40.321170197],[-4.539397356,40.323049015],[-4.540068087,40.325476066],[-4.540095462,40.327872042],[-4.543059854,40.330165810000004],[-4.544401433,40.33014971],[-4.542991468,40.330626174],[-4.54317394,40.332229106],[-4.543992607,40.334680287000005],[-4.547654394,40.340376256],[-4.54622523,40.341825157],[-4.539055567,40.34048992],[-4.535131675000001,40.341586909],[-4.529744182,40.344132739],[-4.526787497,40.344873413],[-4.527563877,40.339731028],[-4.527118648,40.337982804],[-4.523141479,40.337241388],[-4.522359172000001,40.336219278],[-4.521006578000001,40.335540693000006],[-4.5202552140000005,40.334426271000005],[-4.520082868,40.332883525],[-4.518771736000001,40.331844916],[-4.518644403000001,40.330733099],[-4.515893088,40.329141292],[-4.515793556,40.328585852],[-4.516283149,40.327566489000006],[-4.515476636000001,40.326452305000004],[-4.513036041,40.321167783],[-4.504883189,40.315340741],[-4.5036339540000005,40.315490248],[-4.5026529570000005,40.314870157],[-4.500505952,40.315544856],[-4.499205478,40.315491445],[-4.49724091,40.316435787],[-4.496851511,40.317562427000006],[-4.494958442000001,40.317857168],[-4.494678648000001,40.318512123000005],[-4.492502281,40.319091559],[-4.491140843,40.320523326],[-4.490552536,40.320274786000006],[-4.487282257,40.320535786],[-4.485299063,40.32113855],[-4.472474739,40.320265284],[-4.467285864,40.320209225],[-4.464964334,40.318436508000005],[-4.461321672,40.319293552000005],[-4.45576083,40.319351579],[-4.456170335,40.320827482000006],[-4.45316371,40.324758653],[-4.453083252,40.329559951],[-4.453813446,40.333094414],[-4.455675343,40.335293305],[-4.459978357000001,40.338296323],[-4.461321163,40.339785648],[-4.460604109,40.340710898000005],[-4.460596193000001,40.341381256000005],[-4.459871254,40.342105708000005],[-4.459599097,40.342971287000005],[-4.458264758,40.344102508000006],[-4.45644531,40.344413711],[-4.456094370000001,40.345012712],[-4.454736294,40.345043311000005],[-4.453836691,40.344711384],[-4.452798023000001,40.345031634],[-4.452027407,40.344619695000006],[-4.450598436,40.345188062000005],[-4.4497750300000005,40.346819975],[-4.44773599,40.347274331],[-4.444872512,40.346726359],[-4.44302972,40.347440338000006],[-4.442736193,40.348474610000004],[-4.442090301,40.348610589],[-4.439994758,40.350621340000004],[-4.439432555000001,40.350762572],[-4.439120929,40.351502468],[-4.439502674,40.352177885],[-4.438641657000001,40.352721018000004],[-4.438991623000001,40.354782391],[-4.439977978,40.355757484],[-4.440345394,40.357197025000005],[-4.440952984,40.357581342],[-4.440790237,40.35840047],[-4.441208177,40.359169121],[-4.440490972,40.360109567],[-4.439401835,40.360562755000004],[-4.439175878,40.361567348],[-4.439716755,40.362080426000006],[-4.4410595100000005,40.362198838000005],[-4.441869362,40.362677024],[-4.441430894000001,40.364153628000004],[-4.441416213,40.365787109],[-4.440815429000001,40.366113506000005],[-4.440696473,40.366722182000004],[-4.44070867,40.367129228],[-4.4417547200000005,40.368021584000005],[-4.440698311,40.370128390000005],[-4.441203273,40.370886947],[-4.440851339,40.371839058],[-4.440859347,40.37404071],[-4.441331609000001,40.37530867],[-4.440034801,40.376752717],[-4.440886622,40.377091650000004],[-4.441241872,40.378506109],[-4.439805795,40.379497845],[-4.441532994,40.381941137000005],[-4.441363836,40.38273782],[-4.443525451,40.383448682],[-4.443572946000001,40.384073299],[-4.4431298560000005,40.384950879],[-4.443729012,40.385700139],[-4.443393228000001,40.386416925000006],[-4.441370904,40.387215999000006],[-4.44140987,40.387662349],[-4.442369788000001,40.388367482],[-4.441938723000001,40.388761136],[-4.438329036,40.388994366000006],[-4.437425697,40.38967495],[-4.437042926,40.390568874],[-4.438471334,40.391308756],[-4.437756893,40.392008614000005],[-4.437206150000001,40.394036129],[-4.4352673860000005,40.394678208],[-4.433257657,40.396087781000006],[-4.433233136,40.396932208],[-4.43255,40.398169469],[-4.430385204,40.398383646],[-4.429922712000001,40.398801967000004],[-4.4294279240000005,40.40031255],[-4.427945063,40.40068131],[-4.4259722560000005,40.400504755],[-4.425377951000001,40.402050781],[-4.424216092,40.402109238],[-4.4230522400000005,40.401681233000005],[-4.423670262,40.403217732],[-4.4225916000000005,40.404150801],[-4.421730258,40.406228907],[-4.420705745,40.406601848],[-4.417857164,40.406425101],[-4.417098957,40.407191131000005],[-4.4160757440000005,40.409146857],[-4.414947631,40.409810197000006],[-4.403140109000001,40.411131506000004],[-4.3994224630000005,40.411109887],[-4.397573134,40.410532266000004],[-4.3942670260000005,40.410405510000004],[-4.3908612840000005,40.409560055],[-4.387283573,40.409461589],[-4.378154621,40.407265383],[-4.374574622,40.407569244],[-4.373577621,40.407918019],[-4.373236484,40.407659013],[-4.370285856000001,40.407385909000006],[-4.367447867,40.407436617],[-4.3656323630000005,40.406881505],[-4.364135812000001,40.408582016000004],[-4.359578628,40.411344629000006],[-4.353371611,40.411606618],[-4.351947494,40.411351208],[-4.350173246000001,40.41162148],[-4.348589294,40.411447172],[-4.3434854210000005,40.411889451],[-4.338805586,40.411013109],[-4.33559475,40.409441256],[-4.3302723510000005,40.408298117],[-4.323530367,40.410181740000006],[-4.321088525,40.410308756],[-4.324935755,40.412795325000005],[-4.3262758240000005,40.412795280000005],[-4.3268073650000005,40.413875648],[-4.326682912,40.41486084],[-4.324992934,40.416493697],[-4.324087455,40.417984218],[-4.324207777000001,40.421117011],[-4.324106658,40.421671311000004],[-4.323214676,40.422591411],[-4.323497006,40.423464739],[-4.324429301,40.423879282],[-4.3269302750000005,40.423797459],[-4.327996043000001,40.423444692000004],[-4.329408293,40.42230957],[-4.330516942,40.422280604],[-4.331455129,40.422753579],[-4.332443813,40.423873699000005],[-4.334584986,40.424733673000006],[-4.335516833000001,40.427208445000005],[-4.33595023,40.427544873],[-4.337539557,40.428151712],[-4.340782182,40.428188933],[-4.341251652,40.428678072000004],[-4.340998020000001,40.429441356000005],[-4.339422706000001,40.430257793],[-4.339027326,40.430829927000005],[-4.339109952,40.431786605],[-4.339842927,40.432780793],[-4.33929595,40.435042932],[-4.340643577000001,40.437361492],[-4.340515301,40.437967469],[-4.338799423,40.438245901],[-4.338479374,40.439587411000005],[-4.3380038480000005,40.439926240000005],[-4.336666131,40.440131797],[-4.334878871,40.439725428],[-4.333861197,40.440793002],[-4.331268384,40.441092246000004],[-4.331642085,40.441626669],[-4.334059743,40.442427608],[-4.335072594000001,40.443560032],[-4.334807574,40.44399191],[-4.333356215,40.444478012000005],[-4.331436505,40.444355994000006],[-4.330272634,40.445011715],[-4.330323097,40.446734512],[-4.332158991,40.448342159],[-4.332225151,40.44876661],[-4.331472736,40.449002298],[-4.32937424,40.448311148],[-4.326645332,40.449381202000005],[-4.322556613000001,40.449426241000005],[-4.32144622,40.450051533],[-4.319704450000001,40.451980383000006],[-4.319380937,40.454131763],[-4.320083516,40.455563343],[-4.322392433,40.456272974],[-4.323768499000001,40.456380647],[-4.3248769970000005,40.456075166000005],[-4.325775684,40.456796376],[-4.326031078000001,40.458209623],[-4.325241468000001,40.460100603],[-4.324594331,40.460599897],[-4.322156469,40.460180065],[-4.320245291,40.458406461],[-4.3186225920000005,40.458353809],[-4.317871375,40.459081273],[-4.318018783,40.459985873],[-4.318644484,40.461042672000005],[-4.320110735,40.462379054],[-4.3156788530000005,40.464765542],[-4.316629976000001,40.465573606],[-4.318566270000001,40.466212781],[-4.318580618,40.466584679],[-4.317294136,40.467993896],[-4.317098516000001,40.469090686],[-4.3176385900000005,40.469443981000005],[-4.320239188,40.469725115],[-4.319603876,40.470955754],[-4.320454162,40.471185679],[-4.321448695,40.474562499],[-4.322765401,40.475353723000005],[-4.323895893,40.477534408000004],[-4.3236174720000005,40.478375407],[-4.3240706410000005,40.47934406],[-4.32342253,40.48136583],[-4.323980286,40.482072034000005],[-4.324236895,40.483303288],[-4.324061333,40.484035906],[-4.324444851,40.485900820000005],[-4.324151777,40.486958196],[-4.324602662,40.487987231000005],[-4.324219775,40.488917712],[-4.324767085,40.490049241],[-4.324223298000001,40.491559023],[-4.325096513,40.492340883000004],[-4.32413294,40.494226633000004],[-4.324807113,40.494906273000005],[-4.3244987550000005,40.495907970000005],[-4.324759479,40.496624777],[-4.324108613,40.497432205],[-4.3246683610000005,40.498772592],[-4.322797225,40.500840780000004],[-4.32256093,40.501608317000006],[-4.324527310000001,40.504381183],[-4.324078259,40.505732217],[-4.32416397,40.506489762],[-4.325382212,40.506921729000005],[-4.326762993,40.506796886000004],[-4.327372174000001,40.50722501],[-4.32692417,40.508028317000004],[-4.327456051,40.509024871],[-4.327403455000001,40.509529958],[-4.3260972870000005,40.510329599],[-4.325559077,40.5118285],[-4.3236961130000005,40.513128169000005],[-4.3234321090000005,40.514468971],[-4.32272841,40.515179696000004],[-4.322927226,40.51634674],[-4.321115198,40.518025045],[-4.3208942740000005,40.520000455],[-4.321442353,40.523203958],[-4.320772533,40.526006981],[-4.321188124,40.526910299],[-4.320150024,40.529238268],[-4.320127066,40.530595224],[-4.320571736000001,40.532076563000004],[-4.321237213,40.532355433],[-4.323124842,40.532341052],[-4.328217936000001,40.533757357000006],[-4.327737156,40.535121374],[-4.326201381000001,40.537235299],[-4.325165286,40.538105698],[-4.323996804,40.540409967],[-4.324099559,40.542450133],[-4.323598969,40.545094477],[-4.324334622,40.548629122],[-4.323703856,40.549582245],[-4.321271685,40.550637043],[-4.316853986,40.553251282000005],[-4.312636789,40.554054156],[-4.311252591000001,40.556961619],[-4.310158589,40.557431658000006],[-4.307238589000001,40.55851151],[-4.306170582,40.558498357000005],[-4.303958897,40.559807949],[-4.297541919,40.562393545],[-4.292820508,40.562696896000006],[-4.289261821,40.564194253000004],[-4.289521272,40.566327290000004],[-4.288706125,40.567433631],[-4.288923314000001,40.569087887],[-4.288433338,40.569965382],[-4.289017691000001,40.571113765],[-4.2868048110000005,40.57456079],[-4.286837579,40.575778384],[-4.285383696,40.580374525],[-4.285381429,40.582664528],[-4.2826050250000005,40.585342098000005],[-4.282460094,40.585982414],[-4.283105494,40.587107624000005],[-4.2811784170000005,40.588853247],[-4.281830453,40.589768491],[-4.283044118,40.590142387],[-4.282984219,40.591398844000004],[-4.28236239,40.592129135],[-4.282715941,40.593377398],[-4.283408605,40.594250742],[-4.283133516,40.595006912],[-4.283475322,40.595639119000005],[-4.281776246000001,40.597082232000005],[-4.280405954,40.599284701],[-4.278868389,40.600838587000005],[-4.278572449,40.603172371],[-4.2788642260000005,40.604156477000004],[-4.281463295,40.604958265],[-4.282530322,40.604942821],[-4.284583704,40.606008239000005],[-4.286876596,40.605937679],[-4.2888774320000005,40.606477507],[-4.290061206,40.607676842000004],[-4.290472031,40.609617194],[-4.289192298000001,40.611608848],[-4.2891459240000005,40.613256119],[-4.288658696000001,40.614415544],[-4.289264946,40.616128501000006],[-4.288544721,40.617283318000005],[-4.289522187,40.619179509000006],[-4.288922975,40.62005011],[-4.289245786,40.621222115],[-4.28854268,40.622778518000004],[-4.288934653,40.624103797000004],[-4.288551773,40.624852169],[-4.289355138,40.62580441],[-4.28917943,40.627243223],[-4.290708751,40.627823412000005],[-4.287479746000001,40.628984513000006],[-4.283738184000001,40.629052998000006],[-4.284129555000001,40.631305806],[-4.278371326,40.63052531],[-4.275195411,40.629377988],[-4.271101687000001,40.62902274],[-4.2711906420000005,40.623934131000006],[-4.267219164,40.614521181],[-4.266566588,40.610824218000005],[-4.2621407730000005,40.605179983],[-4.257406951,40.603867708],[-4.245438812000001,40.602446971],[-4.23997719,40.602528329],[-4.225368958000001,40.603947746],[-4.2216368520000005,40.604398964000005],[-4.220284062,40.605171151],[-4.218416923,40.605557504000004],[-4.214347468000001,40.605434596],[-4.209543463,40.607773169000005],[-4.207022054,40.608087459000004],[-4.196267382,40.611878244],[-4.186718728000001,40.614532999000005],[-4.17675104,40.61615544],[-4.161182832000001,40.623464891000005],[-4.162830169,40.62569622],[-4.168874646,40.626134910000005],[-4.169596884000001,40.627209254],[-4.172169838,40.629082350000004],[-4.172852715,40.630362196],[-4.1728450530000005,40.631391048000005],[-4.170841158,40.633916743],[-4.170696319,40.634621957],[-4.170707515,40.635980870000004],[-4.171752581000001,40.638426986000006],[-4.170155702000001,40.642054962],[-4.169127927,40.642505528],[-4.167922455,40.643760900000004],[-4.167589247,40.646751672],[-4.167941693,40.647911828000005],[-4.169344604,40.649521861000004],[-4.169238772,40.650099477000005],[-4.1671413180000005,40.651231443],[-4.1665736650000005,40.652663225000005],[-4.168931595,40.656831035],[-4.168873533,40.663333050000006],[-4.169958839,40.66451208],[-4.1735461,40.667162905000005],[-4.173521164,40.673976252],[-4.172744271,40.677650583],[-4.171566939,40.680626313000005],[-4.164100035000001,40.687487893000004],[-4.157146379,40.692086333000006],[-4.1546167590000005,40.692746753],[-4.152850005,40.692486948],[-4.150524971,40.692728145000004],[-4.1456734630000005,40.694651044000004],[-4.144370612,40.695842269],[-4.145318363,40.697967869],[-4.142145252000001,40.702762059],[-4.141255446000001,40.707083189],[-4.140593148000001,40.7082302],[-4.140202402,40.710307797000006],[-4.13627572,40.716793832],[-4.136059851000001,40.717746344000005],[-4.132705392,40.719757553],[-4.130498552000001,40.723057340000004],[-4.12970736,40.723674053],[-4.125691755,40.724494308000004],[-4.125813538,40.727225363],[-4.125207409000001,40.7296257],[-4.121569128,40.733337426000006],[-4.120762748000001,40.735673022],[-4.119495162000001,40.736215014],[-4.110443546,40.74398208],[-4.104089389,40.747013993],[-4.096990778,40.747739287],[-4.094307421,40.755302953000005],[-4.0938373740000005,40.758066667],[-4.094374801,40.761148733000006],[-4.096685770000001,40.764221163],[-4.096250449,40.765272968000005],[-4.092551343,40.768814089],[-4.086250011000001,40.772374208],[-4.081035986,40.776601229],[-4.078758066000001,40.782225716],[-4.076700276,40.788881353],[-4.070091548000001,40.793915399],[-4.059591355,40.792307023],[-4.053513691,40.790639836000004],[-4.046967567,40.790177581],[-4.045490104000001,40.788911282],[-4.042200660000001,40.783789133],[-4.039542268,40.784169264],[-4.036312345000001,40.783535683000004],[-4.032392361,40.781611926000004],[-4.0213170940000005,40.781191604],[-4.015170143000001,40.782995232000005],[-4.012514642,40.784348174],[-4.007652958,40.787907551],[-4.003640463,40.788716037],[-3.989750174,40.785471566000005],[-3.9842271460000003,40.785947562000004],[-3.979675717,40.784554834000005],[-3.979171806,40.786074311],[-3.9781189130000003,40.787418269],[-3.9786152520000004,40.789823795000004],[-3.9794892760000002,40.791309967000004],[-3.9796964690000003,40.793472912000006],[-3.9788582650000004,40.797013986],[-3.979958791,40.799386454],[-3.9754692840000003,40.803661075],[-3.9755302570000004,40.806855809000005],[-3.972822261,40.809362244],[-3.9683231560000003,40.811747622000006],[-3.9662906700000002,40.814099599],[-3.964974428,40.815974423],[-3.964685429,40.817880291],[-3.964236591,40.818165099000005],[-3.962121572,40.823447185],[-3.965735726,40.834957531],[-3.9658797530000003,40.836628265],[-3.9655057400000002,40.837991644000006],[-3.9630138030000004,40.840048326],[-3.9634648290000003,40.841707493],[-3.962475823,40.844269588],[-3.9597276490000004,40.845853586000004],[-3.9568892640000004,40.848515657],[-3.9569573050000004,40.849205127000005],[-3.956003796,40.850050791],[-3.9519152230000003,40.855739047],[-3.951919563,40.857535259],[-3.9503684170000004,40.860079353],[-3.9490827480000004,40.860779957000005],[-3.9471052120000003,40.862974386000005],[-3.946532045,40.868140815000004],[-3.947239052,40.873290438000005],[-3.9465013890000002,40.87515939],[-3.944471225,40.876775874],[-3.943277441,40.880299743],[-3.942511359,40.883023782],[-3.9423546980000004,40.888969591000006],[-3.9454655740000004,40.888697337],[-3.9467480330000004,40.888897623000005],[-3.9489759400000004,40.890384611],[-3.9522761760000003,40.893631932000005],[-3.95123471,40.896010578],[-3.9492229470000004,40.897787339000004],[-3.9475178110000004,40.900510114],[-3.9447102500000004,40.903615728000005],[-3.942674622,40.907420316],[-3.9426939890000003,40.909872191000005],[-3.9416595520000004,40.91186694],[-3.937058615,40.915679708000006],[-3.936453294,40.920500399000005],[-3.9379490360000005,40.927180436],[-3.927273349,40.927565746],[-3.9217607150000005,40.929928597],[-3.921318749,40.931802223000005],[-3.92016708,40.934493143000005],[-3.9199573070000002,40.937723167],[-3.917182459,40.943005386],[-3.911664522,40.944547963000005],[-3.9120787010000004,40.945136474],[-3.911331392,40.946948515],[-3.9114987730000004,40.947900478],[-3.9124110690000005,40.949218558000005],[-3.9098756170000004,40.949761584],[-3.9092905860000005,40.952025942000006],[-3.907507051,40.953706089],[-3.9078357880000003,40.954124592],[-3.9073827260000003,40.95525455],[-3.9057173460000003,40.956168088000005],[-3.902380469,40.956943155000005],[-3.8986417270000002,40.958833224],[-3.895175576,40.965524548000005],[-3.890454801,40.969029187000004],[-3.886947574,40.971155079000006],[-3.883535274,40.971236194],[-3.8807870760000003,40.972817400000004],[-3.8808318080000004,40.974125939000004],[-3.8790394740000003,40.975201657],[-3.8739671970000003,40.974794266],[-3.870873404,40.972356626],[-3.869956916,40.971078978],[-3.863862446,40.974647818],[-3.8617297300000004,40.977448165000006],[-3.859313294,40.979191230000005],[-3.847405402,40.979375653000005],[-3.8445073180000002,40.982347059000006],[-3.8392766880000004,40.983914804],[-3.8351719380000002,40.984192314000005],[-3.829093851,40.986654829],[-3.8212252560000004,40.984827508],[-3.8194227900000004,40.985858241],[-3.814002136,40.986641583],[-3.8094419850000003,40.987809589],[-3.8031381270000004,40.992348693000004],[-3.800026218,40.993578302],[-3.798648839,40.993200739],[-3.7971572190000003,40.993238088000005],[-3.793497894,40.994040738],[-3.7923338760000003,40.99463067],[-3.791287843,40.995544072],[-3.7904303190000004,40.995718408],[-3.788884025,40.998155789],[-3.7854253520000003,41.000868332],[-3.7839310320000004,41.000893818],[-3.7813661100000004,41.000311848],[-3.7806683120000004,41.001434481000004],[-3.777187064,41.004598219],[-3.772603124,41.010002354],[-3.770013291,41.013703088],[-3.7672960000000004,41.015975924],[-3.7669224310000002,41.018940274],[-3.7659178730000002,41.020828741],[-3.759049348,41.027070813],[-3.755544157,41.027930677],[-3.753252783,41.0316606],[-3.7498992830000004,41.035329824],[-3.7482525200000003,41.036672814],[-3.747784304,41.037981121],[-3.7458457160000003,41.040569083],[-3.743085792,41.045360274000004],[-3.7390009490000002,41.049713999000005],[-3.7404549950000003,41.053640291],[-3.730567735,41.061424248],[-3.725623858,41.062501319000006],[-3.7203817430000004,41.065603263],[-3.719976921,41.067118254],[-3.716607005,41.071144254000004],[-3.7139892150000002,41.073208037],[-3.71145213,41.074491159000004],[-3.7071260450000003,41.076020323],[-3.7052066170000004,41.077644525000004],[-3.697680232,41.081876364],[-3.6898999330000004,41.084460748000005],[-3.687602361,41.084935683000005],[-3.684077787,41.084999885],[-3.679537395,41.084230422000005],[-3.676064805,41.086695623000004],[-3.6721720020000004,41.092000705000004],[-3.667539554,41.095231783],[-3.666720821,41.096106698],[-3.6638217760000003,41.097810634000005],[-3.6557080180000003,41.104675255000004],[-3.6523042890000004,41.106474554],[-3.6510581600000003,41.107762541],[-3.6506904600000003,41.11057153],[-3.648737919,41.114763224],[-3.646742664,41.117054401000004],[-3.6462935580000004,41.118386523000005],[-3.646370343,41.120021973],[-3.6450200250000004,41.121290678],[-3.640114456,41.122996241],[-3.638864077,41.123778779000006],[-3.6345852900000004,41.125462438],[-3.6334850820000004,41.126337951000004],[-3.6339890250000004,41.134884801000005],[-3.632775812,41.136342676000005],[-3.6288971340000002,41.137428662000005],[-3.626985234,41.138357002],[-3.6250123690000002,41.140652173],[-3.622275017,41.141756962],[-3.6189731770000004,41.143669056],[-3.6140968300000003,41.14735882],[-3.6137018280000004,41.149052741000006],[-3.6108409480000003,41.149656971000006],[-3.6046823900000002,41.152036951],[-3.601795334,41.154457224000005],[-3.600046995,41.155382462000006],[-3.598807533,41.154340362],[-3.5950493920000004,41.154176056000004],[-3.5921020500000003,41.154314642],[-3.591218276,41.15464347],[-3.589270811,41.158508913000006],[-3.5827207860000003,41.161420299],[-3.578603079,41.160258274],[-3.569193283,41.159507918],[-3.5580231400000004,41.164397209],[-3.5504478550000003,41.165701083],[-3.543904587,41.165844755],[-3.539722192,41.16504109],[-3.536704572,41.160576391],[-3.5376250010000003,41.155333022],[-3.541098185,41.149666901],[-3.5328222890000003,41.146976061000004],[-3.5322931200000003,41.145786744000006],[-3.532189362,41.144592756],[-3.530653586,41.143145047000004],[-3.5299622320000004,41.141782612],[-3.528790449,41.140538585],[-3.526739694,41.140088580000004],[-3.5260351070000002,41.139145057],[-3.522854257,41.13968022],[-3.5213791710000004,41.138936543],[-3.516441307,41.138781324],[-3.5154471800000002,41.137509325],[-3.512523219,41.137668261],[-3.5105505370000003,41.13726803],[-3.5092617460000004,41.136395436],[-3.5091493650000003,41.135726636],[-3.508095645,41.134582753000004],[-3.507844663,41.133705575],[-3.506745983,41.132906884],[-3.506618453,41.131811168000006],[-3.50580227,41.131023841],[-3.5055653450000004,41.130265503000004],[-3.5042921920000003,41.129854898000005],[-3.503460161,41.128386619000004],[-3.502300909,41.127593557000004],[-3.501666836,41.126613539000004],[-3.501392617,41.124540184000004],[-3.500428712,41.123416563],[-3.500535756,41.121818077],[-3.4993437390000004,41.120925140000004],[-3.4998312030000003,41.12048524],[-3.4997783320000004,41.120108934],[-3.498263499,41.119051636],[-3.4982035000000002,41.118201538],[-3.4968203900000003,41.117545411],[-3.496735611,41.116564803],[-3.4954576100000003,41.116100078],[-3.495026718,41.114546243],[-3.494154022,41.113799616],[-3.494192769,41.113086015],[-3.4953807980000002,41.112199937],[-3.4954042590000003,41.11183321],[-3.4948696800000003,41.111541843000005],[-3.49371826,41.111745852000006],[-3.493006319,41.111307504],[-3.494010421,41.109876338],[-3.4929618870000003,41.108061183000004],[-3.4929061210000003,41.107130882],[-3.491979857,41.106372749],[-3.4898387370000004,41.105760299],[-3.489082851,41.104199695000005],[-3.4898597280000003,41.102484855],[-3.490960158,41.102009953],[-3.4911665210000002,41.100933503],[-3.491944263,41.100307728000004],[-3.489934878,41.098965058000005],[-3.490464686,41.098307915],[-3.490405201,41.097191159000005],[-3.488211483,41.096508638],[-3.488932966,41.095202105000006],[-3.488751214,41.094293953000005],[-3.485391742,41.093754134],[-3.4841439540000003,41.094255726],[-3.4831140470000004,41.093452012],[-3.481837452,41.093269981000006],[-3.478416929,41.093822901],[-3.4760976990000003,41.095190923000004],[-3.4751539730000003,41.095266878000004],[-3.4746009520000003,41.094698038000004],[-3.4747489650000003,41.093586724000005],[-3.47448842,41.093286023000005],[-3.4700650680000003,41.092306926],[-3.4670789080000004,41.090807485],[-3.465495551,41.090504003],[-3.464570821,41.089377206],[-3.461769421,41.089065943],[-3.4609030840000004,41.088276667],[-3.4591230630000003,41.087930599],[-3.4584535,41.087181063],[-3.456544093,41.087057968],[-3.4555912940000004,41.085456458],[-3.455865653,41.084841025],[-3.455534392,41.084108161],[-3.453789931,41.083544776000004],[-3.4530773740000003,41.082760247],[-3.450784828,41.081773770000005],[-3.448944494,41.081804322],[-3.448388951,41.080637211],[-3.445397804,41.081076611],[-3.444235465,41.082435888],[-3.442499808,41.081921844],[-3.4406395950000004,41.081828928],[-3.4404718030000003,41.081302589],[-3.4397000010000003,41.081070402],[-3.438727418,41.082157758],[-3.437613519,41.082223216],[-3.4364943520000004,41.083476854000004],[-3.435500262,41.084022875],[-3.43410779,41.083551558],[-3.431405459,41.084316506],[-3.4303198110000004,41.083606190000005],[-3.429459715,41.084444424000004],[-3.428422034,41.083048397000006],[-3.4266275520000002,41.083181115],[-3.4258054500000004,41.082898574000005],[-3.42570832,41.082419699],[-3.427310937,41.081706678],[-3.42773613,41.08081241],[-3.42706954,41.079349244],[-3.42759741,41.078318575000004],[-3.426967728,41.077405668000004],[-3.426727763,41.076375121000005],[-3.4253059240000003,41.076115499000004],[-3.4258151970000004,41.075154268000006],[-3.4255246400000003,41.074767985],[-3.4263949350000003,41.074231511],[-3.4255085230000004,41.073926686],[-3.4251432530000003,41.073211879000006],[-3.426358189,41.071850801000004],[-3.425198924,41.071870366000006],[-3.4251451810000004,41.071657071000004],[-3.4254658320000004,41.070985692],[-3.426283642,41.070439502],[-3.4262112470000003,41.069362396],[-3.4270551460000003,41.068989961],[-3.4259883930000004,41.067468806],[-3.4262148050000003,41.066584277000004],[-3.42600535,41.065662614000004],[-3.42785493,41.064551413000004],[-3.428483352,41.063445597000005],[-3.4310878500000004,41.062404518],[-3.43078466,41.061535458],[-3.4310690270000004,41.059693136],[-3.431553069,41.059093196],[-3.431275636,41.058340245000004],[-3.432584265,41.057173321],[-3.43339293,41.056901859],[-3.4341383110000003,41.056054106000005],[-3.434417808,41.054757686],[-3.4356140510000004,41.053711855],[-3.43525495,41.052668256000004],[-3.4355747190000003,41.051531125000004],[-3.434751669,41.050143352],[-3.434729339,41.049460616000005],[-3.4382778380000003,41.046780836],[-3.4389683680000003,41.043967669000004],[-3.438934782,41.042669716000006],[-3.4311778480000004,41.041670093],[-3.4297383630000002,41.040227823],[-3.4260744520000004,41.031618710000004],[-3.413241611,41.018558256000006],[-3.407497996,41.015828394],[-3.4058322220000004,41.013376803],[-3.402258095,41.010766977],[-3.4008731470000004,41.009078234],[-3.399275947,41.008269406000004],[-3.3980160120000003,41.006981062],[-3.397488184,41.006809016000005],[-3.397066193,41.004649393],[-3.3944503150000003,41.000277633],[-3.396776372,40.999133755],[-3.400851706,40.995489412000005],[-3.4182960490000003,40.987563522],[-3.4164157000000004,40.984779544000006],[-3.4165415990000003,40.983057613],[-3.416282642,40.98251895],[-3.418480304,40.979456324000004],[-3.4162334420000002,40.975811573],[-3.4182507780000004,40.973590969],[-3.421950507,40.966628553],[-3.42624737,40.962471696],[-3.428004918,40.959883430000005],[-3.430452959,40.95476574],[-3.432016619,40.949460322],[-3.4342446910000004,40.948055691],[-3.436039152,40.946128367],[-3.435764294,40.943891735],[-3.436744574,40.939759526],[-3.4360572740000004,40.937668585000004],[-3.4354174800000004,40.937562895],[-3.436825841,40.934594748],[-3.437032439,40.933497654],[-3.438236921,40.931517571],[-3.4426127500000003,40.929367736],[-3.4473656850000003,40.924525486],[-3.44885461,40.922527071000005],[-3.44845213,40.921490871],[-3.4486560190000004,40.91985056],[-3.4483823520000003,40.918717470000004],[-3.4507060600000004,40.915682532000005],[-3.4506575570000004,40.914133283000005],[-3.4512866360000003,40.912865156],[-3.445572115,40.910328036],[-3.443985611,40.908357701],[-3.444062218,40.906849406],[-3.445340568,40.906073374],[-3.4505267980000003,40.905351536000005],[-3.453046302,40.906217308],[-3.456139772,40.908006823],[-3.4583880660000004,40.908433038000005],[-3.459898861,40.907636105],[-3.4605772110000004,40.906658699000005],[-3.4605700070000003,40.905447102000004],[-3.4597050950000003,40.903825432000005],[-3.458227909,40.902078264000004],[-3.457862017,40.901013121000005],[-3.458559611,40.900077089],[-3.4602406290000003,40.90040192],[-3.460830698,40.900231113000004],[-3.4611053220000003,40.899770591],[-3.46059886,40.898469997],[-3.4586180590000004,40.897533790000004],[-3.45608693,40.899263501],[-3.4537485030000004,40.899325849],[-3.452474601,40.898453423],[-3.4528045740000004,40.896872961],[-3.452350494,40.896264871],[-3.448550306,40.89467708],[-3.447796426,40.895024121000006],[-3.4469068610000004,40.896204058],[-3.4455375590000004,40.896131869],[-3.445097296,40.895803857000004],[-3.44443988,40.894246132],[-3.4429669780000003,40.892693331000004],[-3.439592488,40.891149556],[-3.4398908300000004,40.89030974],[-3.4419236860000004,40.888967847],[-3.4434410530000004,40.888480990000005],[-3.444833741,40.887103664],[-3.444611278,40.886497354],[-3.443438512,40.885606422],[-3.4417100200000004,40.882710533],[-3.4406040680000003,40.878629444000005],[-3.4404874120000004,40.875349929],[-3.442000708,40.875009944000006],[-3.4461338250000004,40.876703869],[-3.4482493,40.876431743000005],[-3.450675882,40.875134110000005],[-3.452111452,40.873493481000004],[-3.452832383,40.873226714000005],[-3.454913024,40.873260887],[-3.4581377250000003,40.872089676],[-3.4640981510000004,40.868937283],[-3.4664079410000004,40.868159567],[-3.4726684960000003,40.864096559000004],[-3.4727174290000002,40.862464934],[-3.471538196,40.860653653],[-3.465812928,40.856895130000005],[-3.470500486,40.851657557],[-3.4750706360000003,40.852183874000005],[-3.4758282080000003,40.851942935000004],[-3.4763300850000003,40.851284152000005],[-3.4763327840000002,40.850666162],[-3.47582204,40.849916962],[-3.4702413610000002,40.844696885000005],[-3.469747846,40.843178264],[-3.470649491,40.841681896000004],[-3.4782415510000004,40.838918471],[-3.479191875,40.837628127],[-3.4793094190000002,40.836489872],[-3.477211676,40.833577106],[-3.477342143,40.831920811],[-3.476573344,40.830226788000004],[-3.4767822730000004,40.827102689],[-3.4771570080000003,40.826270562000005],[-3.4767550380000003,40.825283991],[-3.477386654,40.823560765],[-3.4785625400000004,40.821837086],[-3.482687979,40.818867856000004],[-3.4827919580000004,40.818161156],[-3.4820554570000004,40.816503065],[-3.4821614010000004,40.815411695],[-3.4827328150000003,40.814576926],[-3.4862457800000004,40.812416382],[-3.4872887460000004,40.811220167],[-3.4897644710000004,40.809774652],[-3.4911141640000003,40.808384321000005],[-3.4915133980000004,40.804639592],[-3.492251333,40.802460899],[-3.490718557,40.801505306],[-3.491938203,40.798419212000006],[-3.4933883320000003,40.797342822000005],[-3.495053366,40.796639347],[-3.499071316,40.798782315000004],[-3.501196381,40.798566827],[-3.5025946840000004,40.797239209000004],[-3.5032265000000002,40.796137422],[-3.5033270950000004,40.795329821],[-3.5023485250000004,40.793513456],[-3.502464727,40.792101316],[-3.502679773,40.791066203],[-3.504251859,40.789232429],[-3.509273111,40.790532873000004],[-3.511572263,40.788495809000004],[-3.5060103590000002,40.789330150000005],[-3.503939555,40.78884192],[-3.5032259320000003,40.788043273],[-3.5009389100000003,40.788585604000005],[-3.5006565490000003,40.787917493],[-3.497777687,40.788885731],[-3.4976344420000003,40.788243463],[-3.497037911,40.788385337],[-3.494707925,40.78745664],[-3.4877705490000004,40.785812326000006],[-3.486140386,40.784930049],[-3.48265212,40.785225727000004],[-3.475382583,40.784462187],[-3.474232755,40.784935352000005],[-3.471879335,40.785020899],[-3.468724511,40.784509757],[-3.460262456,40.781269468000005],[-3.459068702,40.781222865000004],[-3.45774082,40.778378726],[-3.4501111190000002,40.771850451000006],[-3.446967887,40.766429577000004],[-3.447526281,40.764407367000004],[-3.4479036190000003,40.76408192],[-3.4443431500000004,40.761579563000005],[-3.4439386080000003,40.76025055],[-3.444448924,40.757527996],[-3.4437726310000003,40.754698293000004],[-3.4447689620000004,40.752028821],[-3.4449672220000003,40.75031192],[-3.4447420940000004,40.747986765],[-3.446217841,40.745113639],[-3.446967416,40.741356854],[-3.4482857210000004,40.741891365],[-3.4501198420000003,40.741099588000004],[-3.450665442,40.738925484],[-3.4512700140000003,40.738125863],[-3.4504156040000002,40.734886992],[-3.448737532,40.732960267],[-3.4462259360000003,40.734246513],[-3.4444127140000003,40.736024594],[-3.4418823570000003,40.737727915],[-3.4399780680000003,40.736494692],[-3.4377121020000003,40.734094389],[-3.434407427,40.732017756000005],[-3.4349449450000002,40.727986174],[-3.436123165,40.726522336],[-3.436923081,40.724617592],[-3.437191256,40.722889621],[-3.4375454110000003,40.72254325],[-3.4428538480000004,40.719333984],[-3.4453988800000004,40.716563973],[-3.446335496,40.714444241],[-3.4476853490000003,40.714110206],[-3.4508685860000003,40.711234899000004],[-3.4519784990000004,40.711848554],[-3.452785124,40.709104078],[-3.4544273280000004,40.709130064],[-3.454881653,40.706301375],[-3.455273726,40.706334964],[-3.4561025570000004,40.703925496000004],[-3.458921354,40.704130543000005],[-3.459999239,40.703707357000006],[-3.460002782,40.701811028],[-3.460706485,40.700516389],[-3.4608394650000003,40.69816731],[-3.4633104940000004,40.698098878],[-3.463109868,40.695788968],[-3.462358769,40.69311821],[-3.4648608060000003,40.692431636],[-3.4683336340000004,40.692977968],[-3.4685496170000003,40.689935624],[-3.459959038,40.68886004],[-3.4563340310000004,40.687934811000005],[-3.4498030870000003,40.682831529000005],[-3.4488224240000003,40.682587875],[-3.4484036980000004,40.682033847],[-3.4482282200000003,40.68033847],[-3.449111358,40.679366881],[-3.4477881540000004,40.677473713000005],[-3.445323434,40.678096458000006],[-3.4424108980000003,40.678092333],[-3.441531335,40.675901276000005],[-3.441704177,40.674208343000004],[-3.4359334080000004,40.675329046],[-3.433423508,40.674386634],[-3.429993053,40.673784251],[-3.426734084,40.672363939],[-3.4259045230000003,40.675413732],[-3.426231774,40.678535014000005],[-3.4261056470000004,40.680795439],[-3.4255865950000004,40.682374683],[-3.4191161230000002,40.680320804000004],[-3.419176998,40.678966764],[-3.4174673170000003,40.676858985],[-3.4180596820000004,40.675911296],[-3.415741779,40.672959417],[-3.4153059000000003,40.671798418],[-3.414004491,40.671799125],[-3.4124348920000003,40.671306830000006],[-3.4095365980000003,40.671861803000006],[-3.40932028,40.670811079],[-3.4074714220000004,40.670636],[-3.404734459,40.669638066000005],[-3.4051509560000004,40.673849597],[-3.4045689500000003,40.67440476],[-3.404882955,40.676690869000005],[-3.404687871,40.677893393000005],[-3.4032691450000003,40.683039296000004],[-3.400195913,40.691441916],[-3.3970449960000004,40.691551134],[-3.393354044,40.692458271],[-3.3894363000000003,40.687559092],[-3.3869038860000003,40.685966736000005],[-3.385707183,40.68407981],[-3.3801347440000002,40.682683854000004],[-3.3780946500000004,40.681864431],[-3.374650631,40.680112617000006],[-3.3729237800000003,40.677717379],[-3.3730602820000004,40.676517889],[-3.372143275,40.674397497],[-3.3724545040000002,40.673551486],[-3.371511041,40.672410413],[-3.3723197820000004,40.669110651000004],[-3.369516576,40.665844066000005],[-3.368621961,40.665596472000004],[-3.3678381980000003,40.664851233],[-3.367479197,40.663462317000004],[-3.3680484340000003,40.662848816],[-3.3677768390000002,40.660571357],[-3.364548586,40.656915879],[-3.363595063,40.656469334],[-3.364251036,40.655930352000006],[-3.363231889,40.655158794],[-3.3623204490000003,40.653738259],[-3.365339789,40.650805430000005],[-3.366318221,40.648031236],[-3.362153505,40.645830865],[-3.3556859770000003,40.645353612],[-3.3542284860000002,40.644171619000005],[-3.3487686250000004,40.642955765],[-3.345073299,40.641687559000005],[-3.346782444,40.638069041],[-3.345598163,40.63774285],[-3.3388844200000003,40.636308618],[-3.3387754120000004,40.637670166],[-3.3370515660000004,40.63774455],[-3.3374451140000003,40.640981167],[-3.3361230390000003,40.641006623],[-3.335749696,40.639901423000005],[-3.332294226,40.639460922000005],[-3.329281796,40.640846047000004],[-3.327170687,40.640587154],[-3.3255920220000004,40.642567220000004],[-3.3234466040000004,40.643048878],[-3.322382321,40.643813981],[-3.323767294,40.645043432],[-3.322366043,40.645837401],[-3.3213136800000003,40.648112334000004],[-3.3194887800000004,40.650120922],[-3.3168611140000004,40.65198393],[-3.3164965270000004,40.655177616],[-3.3159868980000002,40.653467356],[-3.3138568310000003,40.649743495],[-3.3176716930000003,40.645822408],[-3.320749417,40.644145521000006],[-3.3226744960000003,40.640633065],[-3.3236558520000004,40.638380837],[-3.324525361,40.633803740000005],[-3.3236753350000003,40.629686382],[-3.331859344,40.625916523],[-3.3380572290000003,40.626113961],[-3.3385158390000003,40.625848666],[-3.3357703030000003,40.624661166],[-3.3359850900000003,40.623401112],[-3.33267237,40.622727778000005],[-3.3282062170000004,40.620213506000006],[-3.32732002,40.618382710000006],[-3.3262190350000003,40.618320042],[-3.325406806,40.617828636000006],[-3.324300532,40.615693031],[-3.322543349,40.614131285],[-3.3216438630000003,40.612192373],[-3.3216016440000002,40.61172474],[-3.325609773,40.610935405],[-3.3252485110000003,40.610057153],[-3.3314163530000003,40.603944259],[-3.3295541550000003,40.602619833000006],[-3.3307164850000004,40.600921224000004],[-3.327750888,40.598928196],[-3.330334864,40.597369079],[-3.3280073160000003,40.594944602000005],[-3.328274952,40.594836459],[-3.32116355,40.589682483000004],[-3.316083803,40.584073461],[-3.308339461,40.579124203],[-3.3051455790000004,40.578003994],[-3.303938946,40.57854968],[-3.302686619,40.578288267000005],[-3.3028653460000004,40.577961945000006],[-3.299942927,40.576397282],[-3.297701163,40.57439783],[-3.296348119,40.575207235],[-3.2926082410000004,40.573016367],[-3.2895587070000003,40.572158431000005],[-3.287059997,40.572324636000005],[-3.286777942,40.572604669],[-3.2870928370000003,40.57212906],[-3.284068983,40.568976687],[-3.2852700130000003,40.567812482],[-3.2871154710000003,40.565158026000006],[-3.283094996,40.56359594],[-3.284816621,40.56139967],[-3.288395631,40.558638647],[-3.2848280720000003,40.555717631],[-3.286396254,40.554151518000005],[-3.2831022340000002,40.550964458],[-3.2855534140000002,40.548483219000005],[-3.2850341330000004,40.547513116000005],[-3.2906458130000003,40.544420026000004],[-3.2919142040000002,40.543290891000005],[-3.2930558590000003,40.541407205000006],[-3.2940616350000003,40.540626818],[-3.295004832,40.538983321],[-3.297126978,40.537521229],[-3.289322737,40.53155677],[-3.284348178,40.535158277],[-3.282903719,40.533943782],[-3.282053962,40.53516838],[-3.279514943,40.533660100000006],[-3.275514486,40.533646243],[-3.2746456810000004,40.535154617],[-3.273257509,40.536427270000004],[-3.271730604,40.536689415000005],[-3.269935212,40.536548559],[-3.2674321290000004,40.537797603],[-3.2588865630000003,40.539973745000005],[-3.2582898030000003,40.540788592000006],[-3.2562050420000004,40.541898623],[-3.2540527260000003,40.542021372],[-3.252802758,40.541552927000005],[-3.2512201000000003,40.542116725],[-3.251254035,40.543301343],[-3.249915085,40.544315949],[-3.2468515960000004,40.542022491000004],[-3.2432875990000003,40.537102057000006],[-3.23542986,40.532847076],[-3.2324736150000004,40.532926018000005],[-3.231186081,40.531732189],[-3.2299286090000003,40.532416678000004],[-3.231461077,40.534453282],[-3.2323523030000003,40.536440701000004],[-3.232663874,40.538106754000005],[-3.2319780550000003,40.539203631],[-3.232224705,40.539696448],[-3.2314104890000004,40.539667833],[-3.2270605600000004,40.536243083],[-3.2277043360000004,40.535268839000004],[-3.2267012110000004,40.532965383000004],[-3.226771192,40.53200668],[-3.224478206,40.52915076],[-3.2244092380000002,40.527584214],[-3.2228572370000004,40.525955662],[-3.216925292,40.523192112000004],[-3.206915237,40.519286041],[-3.206421273,40.518729257000004],[-3.202173014,40.516452028],[-3.199954903,40.514448437000006],[-3.198813629,40.508482956],[-3.199227478,40.506337171000006],[-3.19892024,40.50300792],[-3.201048074,40.499817719],[-3.202033664,40.495532156],[-3.2006695150000004,40.494739914],[-3.199157511,40.488209071],[-3.197230186,40.485616817],[-3.1962584450000002,40.480908463000006],[-3.1953275580000002,40.478593626000006],[-3.198721652,40.470783353],[-3.200161928,40.465576266],[-3.2001945600000004,40.463847344],[-3.199028809,40.462112369],[-3.1987105540000003,40.460174130000006],[-3.1999842660000004,40.452153742],[-3.1992549670000003,40.451189203000006],[-3.200462361,40.446336560000006],[-3.198596658,40.442252272000005],[-3.190094547,40.441252024],[-3.1854356900000003,40.439918064000004],[-3.182491733,40.44002631],[-3.1773026210000004,40.439193743000004],[-3.1742538340000004,40.437960465],[-3.1731009190000004,40.437124322],[-3.172640073,40.436262823],[-3.1690408150000002,40.438787958000006],[-3.162622342,40.438515073000005],[-3.1592478290000003,40.439038646],[-3.1581477220000003,40.439542852],[-3.155514605,40.43942444],[-3.154211102,40.437130937],[-3.1547584690000003,40.436735611],[-3.1538883080000004,40.435687185],[-3.1539338750000003,40.434982605],[-3.152272105,40.433171224000006],[-3.150944362,40.430959379],[-3.151311932,40.427129085000004],[-3.1510097800000003,40.426437566000004],[-3.150093484,40.425229706],[-3.1478241290000004,40.423577597000005],[-3.1473651780000003,40.419587085],[-3.1442742420000003,40.416698064],[-3.1425562830000002,40.414168569000005],[-3.142072998,40.412457398],[-3.1372954720000004,40.408690014],[-3.130557952,40.405184993000006],[-3.13409693,40.399749316000005],[-3.1340962830000003,40.398221344],[-3.1349676890000002,40.396131995000005],[-3.1344684820000004,40.393950520000004],[-3.1354023200000003,40.390105185],[-3.137734885,40.388760087],[-3.1433441760000003,40.387534412],[-3.1435668010000004,40.385826898000005],[-3.1431034980000003,40.385130152],[-3.1432691420000003,40.383779471000004],[-3.141593582,40.383088699000005],[-3.141575367,40.381689592],[-3.14038049,40.379829727],[-3.140745002,40.377779696000005],[-3.139718396,40.377514250000004],[-3.139698998,40.37666921],[-3.1382878200000004,40.375542928],[-3.145374174,40.373677561],[-3.1500541290000004,40.373109489],[-3.149384195,40.37163914],[-3.1504456430000003,40.371168402],[-3.1519473430000002,40.368458293],[-3.153429758,40.36770319],[-3.150575447,40.36486268],[-3.1497917830000004,40.361445582],[-3.149009205,40.360110510000005],[-3.1434002850000002,40.358133671000004],[-3.1438032770000004,40.356560164],[-3.1429070180000003,40.355967551],[-3.14378291,40.355834945000005],[-3.1434224640000004,40.355232668],[-3.1440873340000004,40.35443904],[-3.143867594,40.352986118000004],[-3.143113751,40.352336573],[-3.142071699,40.352390094],[-3.14117637,40.351643407000005],[-3.1409459600000003,40.351263494],[-3.1412117790000003,40.350542434000005],[-3.1440953,40.349837106],[-3.1449677740000004,40.349797291],[-3.1455748910000003,40.350118169000005],[-3.1465328820000003,40.349870122000006],[-3.146882327,40.349189486],[-3.146403471,40.348275646000005],[-3.147194792,40.347196247],[-3.1493285170000003,40.346704346],[-3.1492250160000004,40.346218879000006],[-3.1485728060000002,40.34627106],[-3.148589904,40.346011572],[-3.149624338,40.345752591],[-3.149904385,40.346202696000006],[-3.1503847570000003,40.346184963000006],[-3.15076592,40.345497067000004],[-3.1516305580000004,40.345136482],[-3.1528203930000003,40.343298849],[-3.15375576,40.343516550000004],[-3.155606638,40.342462725000004],[-3.154783821,40.340988999000004],[-3.15206249,40.33975559],[-3.151326659,40.338170010000006],[-3.1513978920000003,40.335247311],[-3.1529048680000002,40.331583988000006],[-3.154468045,40.331506260000005],[-3.15896962,40.329429019],[-3.162317411,40.327393750000006],[-3.1621107750000004,40.326133647000006],[-3.1644195610000003,40.325336715000006],[-3.1675790310000003,40.323455614000004],[-3.1760925400000004,40.316025815],[-3.17841515,40.315309664000004],[-3.179792937,40.313812923],[-3.1806144720000002,40.313386421000004],[-3.1806820310000004,40.312231332],[-3.181506037,40.310086758000004],[-3.182856896,40.308267490000006],[-3.182327808,40.304919579],[-3.1802091590000003,40.302059724],[-3.1814754130000003,40.297672060000004],[-3.1814460070000004,40.295017076],[-3.1805353000000003,40.291887765000006],[-3.181446391,40.288513284000004],[-3.184370615,40.282661688000005],[-3.186740409,40.278993840000005],[-3.1865139460000003,40.275320220000005],[-3.184209847,40.269707515],[-3.1928239940000003,40.259275262],[-3.1941990490000003,40.258153124],[-3.197205394,40.257547152],[-3.1948241420000003,40.255081717],[-3.194449,40.24803708],[-3.18790707,40.245077460000005],[-3.183162024,40.243387657],[-3.181600066,40.242259422000004],[-3.178400684,40.236244319],[-3.1772402040000003,40.2361686],[-3.1748195420000003,40.235179409000004],[-3.173396925,40.234169775000005],[-3.1732259440000004,40.236751197000004],[-3.17172688,40.240422896000005],[-3.1706278670000003,40.241451562],[-3.170479444,40.243697798],[-3.168109351,40.247097728],[-3.165275604,40.249949598],[-3.1632910730000003,40.252512821],[-3.161525563,40.255268508],[-3.159689245,40.256968374],[-3.155626084,40.259410851000005],[-3.154073706,40.261459812000005],[-3.153717726,40.263713502],[-3.1505318620000002,40.265337504],[-3.1435058650000003,40.266392288000006],[-3.141960977,40.267768083],[-3.1397385050000004,40.269111332],[-3.1376956490000003,40.271503008],[-3.1352125990000004,40.27262755],[-3.129851792,40.276520205000004],[-3.1282410130000002,40.278786914],[-3.1126741840000003,40.285477896],[-3.1094432810000003,40.285192658],[-3.108956307,40.283003856],[-3.1077255910000003,40.280605821],[-3.104316165,40.279562022],[-3.101528478,40.278092348],[-3.0988133060000003,40.274614375000006],[-3.096751056,40.271046607],[-3.0960237970000004,40.269085878000006],[-3.096398268,40.266896311],[-3.099652834,40.261421342000006],[-3.097120522,40.256992678],[-3.095569385,40.256084006],[-3.0943208500000003,40.253719165],[-3.0929868480000002,40.252432793000004],[-3.091491666,40.250155504000006],[-3.087826733,40.248369039],[-3.087057575,40.247283083],[-3.086620025,40.245281529],[-3.089591453,40.240138575],[-3.0897683540000003,40.23876091],[-3.0868922590000003,40.234607048],[-3.0868665940000004,40.23383046],[-3.0808920430000004,40.229400294],[-3.0797041270000003,40.227773108],[-3.079818019,40.226650463000006],[-3.079359735,40.223695695],[-3.0806855840000003,40.217643189],[-3.081790335,40.216645089000004],[-3.0825352180000003,40.214459791],[-3.0794563850000003,40.208382348],[-3.08158747,40.203872583],[-3.083338952,40.202490217000005],[-3.0864095600000003,40.200871719000006],[-3.088230056,40.200318095],[-3.084638232,40.198375588000005],[-3.0847191580000004,40.197282686],[-3.085775776,40.195672838],[-3.085413897,40.194691972],[-3.086585905,40.193336099],[-3.086698648,40.192352186],[-3.085543347,40.191012423000004],[-3.084399829,40.188686106000006],[-3.08578403,40.187043587000005],[-3.085759438,40.186145363],[-3.0831195940000002,40.183925518],[-3.082592844,40.182500591],[-3.081995447,40.181919897],[-3.081467301,40.179256165000005],[-3.0809622140000004,40.178223126000006],[-3.077126867,40.172510982000006],[-3.0777529120000002,40.166166999000005],[-3.0768321970000003,40.165073850000006],[-3.0726288200000003,40.16239259],[-3.070466407,40.161867763000004],[-3.0687805970000004,40.159932632],[-3.0678451370000004,40.157914155],[-3.06877272,40.156642375000004],[-3.071694651,40.155987432],[-3.078013023,40.157111412],[-3.083042503,40.15940991],[-3.0832603030000003,40.15988816],[-3.082287193,40.16119251],[-3.082490999,40.161753658],[-3.0851741710000002,40.163638337],[-3.0867268720000003,40.163842623],[-3.0892763920000004,40.162970409],[-3.09249784,40.158755106],[-3.096503911,40.155890492000005],[-3.097560279,40.153914748000005],[-3.0977398970000003,40.153052393],[-3.097322161,40.152390542],[-3.093505496,40.150935895],[-3.093190272,40.150509996000004],[-3.094044284,40.149089426],[-3.0964675670000004,40.147386481000005],[-3.096143048,40.145317269],[-3.0967553640000003,40.142388686000004],[-3.0949281560000004,40.142858662],[-3.094393816,40.142718543],[-3.094412267,40.141596847],[-3.0934774060000003,40.140408337000004],[-3.094070404,40.139658277],[-3.0929587950000004,40.138829383],[-3.092604852,40.139263918000005],[-3.0929791460000002,40.140015917],[-3.092852891,40.140415137000005],[-3.0907918170000004,40.141577160000004],[-3.090187278,40.141607354],[-3.08971303,40.140704063],[-3.0885351400000003,40.140349976],[-3.0880907410000002,40.139823253],[-3.0894632680000003,40.140003314000005],[-3.089964213,40.139756974],[-3.089036275,40.139320716],[-3.088650335,40.138604751],[-3.0878251320000003,40.138635999],[-3.0865898140000003,40.139274781000005],[-3.0851829750000004,40.138853257],[-3.084731214,40.138031014],[-3.084788064,40.137473285000006],[-3.0833211090000003,40.136799514],[-3.0823777170000004,40.135119],[-3.08005869,40.135519710000004],[-3.078796522,40.135252973],[-3.0780164840000004,40.135758921000004],[-3.077212208,40.135577455],[-3.077510057,40.133154604000005],[-3.0773287230000004,40.132632171000004],[-3.07552911,40.132442327],[-3.074148569,40.131151232],[-3.07237383,40.131137018000004],[-3.072546356,40.129971080000004],[-3.0741165670000004,40.129729551000004],[-3.074388549,40.129420354000004],[-3.0743911720000003,40.128564449],[-3.0737133410000004,40.127988261000006],[-3.073321323,40.126850603],[-3.071882484,40.126949695],[-3.071485501,40.126674245000004],[-3.072705371,40.125932014],[-3.072895033,40.125471510000004],[-3.07083042,40.124151073],[-3.07020917,40.122561262000005],[-3.0666321300000003,40.122698482000004],[-3.064935604,40.121978665],[-3.065574873,40.120325061],[-3.0679788780000004,40.119648885000004],[-3.067583496,40.118523821000004],[-3.0662540070000004,40.118667827],[-3.0657784560000003,40.118379787],[-3.064069534,40.116790541],[-3.0648600690000003,40.11633693],[-3.0645979860000003,40.115903714000005],[-3.0633805780000003,40.115346682],[-3.061874962,40.115308738],[-3.061941088,40.114425767],[-3.061515935,40.114009747000004],[-3.0614766110000002,40.113310626],[-3.0602139150000003,40.113234693],[-3.0572175830000003,40.114064157],[-3.0561940720000003,40.113743005],[-3.056033279,40.112194337000005],[-3.057471692,40.111926064],[-3.0577658430000003,40.111452919],[-3.056200194,40.109561667],[-3.0560773230000002,40.108512126],[-3.053530753,40.106497889],[-3.054155161,40.105227274],[-3.056099735,40.105723693],[-3.0565496170000004,40.104888304],[-3.055620658,40.102303933],[-3.05395113,40.100807333000006],[-3.052983314,40.099387879000005],[-3.054352959,40.098526857],[-3.0557607200000003,40.096953153],[-3.0607071400000003,40.090563915000004],[-3.070753201,40.083572379],[-3.072630626,40.083134278],[-3.0773930110000003,40.079157182],[-3.088802251,40.070593758],[-3.092213847,40.068949613],[-3.0953561,40.068549799],[-3.0980649930000004,40.067719605],[-3.1026776920000003,40.067334578],[-3.1107010820000003,40.06442895],[-3.112265412,40.064471615],[-3.1181891740000003,40.061428885000005],[-3.12197543,40.061593131],[-3.125088122,40.062191246000005],[-3.1290924810000003,40.06215198],[-3.132699521,40.062636646],[-3.1341167580000002,40.062451435],[-3.1408326480000004,40.063198045],[-3.145238961,40.06484348],[-3.149612565,40.066023749],[-3.1527036710000003,40.065690579000005],[-3.157942046,40.064474981000004],[-3.161600555,40.064879176000005],[-3.1612335550000004,40.069180859],[-3.1620083080000003,40.070515008],[-3.1628933200000002,40.070853446],[-3.1616312420000003,40.074749100000005],[-3.1625582590000003,40.076963264],[-3.163166492,40.083708743],[-3.163913613,40.083695993],[-3.1680469930000004,40.085138894],[-3.168027795,40.086404756],[-3.166746117,40.088499484],[-3.166081752,40.090748292],[-3.1664462700000002,40.091109959],[-3.168487373,40.090628651],[-3.170983783,40.090699830000005],[-3.1749166320000004,40.091479676000006],[-3.1761339840000002,40.091369746000005],[-3.177949753,40.092231023000004],[-3.1795898150000004,40.09137443],[-3.1805185870000003,40.090370252],[-3.180428622,40.08916492],[-3.1810395980000004,40.088209875000004],[-3.180387903,40.087950502000005],[-3.17863344,40.088081116000005],[-3.1763082750000002,40.087512521],[-3.1760859960000003,40.087284013],[-3.176378047,40.086817784000004],[-3.177995176,40.08529995],[-3.180072242,40.084315654],[-3.1810119610000003,40.084391693],[-3.183034664,40.085485918],[-3.1836364880000003,40.08552282],[-3.18439809,40.083466560000005],[-3.1859075530000003,40.081698317000004],[-3.1873736910000003,40.081707697000006],[-3.188617952,40.082499441],[-3.1893544850000004,40.080776538],[-3.18841849,40.078619367],[-3.1891821040000004,40.077374826],[-3.1953423730000003,40.072231107],[-3.198246591,40.068757567000006],[-3.1995967380000003,40.067684945],[-3.2010650170000003,40.067325659000005],[-3.2017714340000003,40.066291953000004],[-3.2074535830000004,40.06382964],[-3.2069356580000004,40.063168355],[-3.205106625,40.062048081],[-3.2018290580000004,40.061551038000005],[-3.200640057,40.061938687],[-3.200318491,40.061437406],[-3.2009559260000002,40.060487611],[-3.2035922300000004,40.059853296],[-3.2047184590000004,40.060060355000005],[-3.207448394,40.062108829],[-3.2089970930000002,40.062800712000005],[-3.2104792480000004,40.061661957000005],[-3.217871283,40.059909602000005],[-3.2224441080000004,40.058102702],[-3.228998475,40.056045801],[-3.232926807,40.055539823000004],[-3.2372284810000003,40.05417975],[-3.2436224840000003,40.053419714],[-3.2456430320000003,40.059460896000004],[-3.245754284,40.059094875],[-3.2453485950000003,40.058437129000005],[-3.245811432,40.057043282],[-3.248338684,40.057206421000004],[-3.249377522,40.055923053],[-3.2508407910000003,40.056259583],[-3.253007283,40.057797349000005],[-3.254338772,40.05799357],[-3.256257653,40.056924452000004],[-3.257519287,40.054439551],[-3.2577286610000002,40.052748887],[-3.2572965500000004,40.050694747],[-3.257704576,40.050394729000004],[-3.2589678990000004,40.050891069],[-3.262174062,40.053282280000005],[-3.262952637,40.054838289],[-3.2628531470000004,40.056719705],[-3.2647809710000004,40.057101863],[-3.266528552,40.0563519],[-3.26660562,40.05536518],[-3.266127102,40.053508496],[-3.266971941,40.052786700000006],[-3.2692150420000003,40.053464483],[-3.2719416630000002,40.053366271],[-3.272448905,40.054739953],[-3.27308763,40.05497271],[-3.273651666,40.054702906],[-3.2742022700000004,40.052833924000005],[-3.274172527,40.051845639],[-3.2737350750000003,40.050631266],[-3.272626965,40.049392332000004],[-3.2737141650000003,40.047741028000004],[-3.274866158,40.047352711],[-3.27698209,40.047335999000005],[-3.283154267,40.049046543],[-3.283327758,40.049611026],[-3.282949142,40.050191263],[-3.2831632240000004,40.051500744],[-3.2847088010000003,40.051878094],[-3.285643948,40.05262451],[-3.2872937,40.051552822000005],[-3.2889702450000002,40.051844201],[-3.2900092510000003,40.052742589000005],[-3.2916646110000003,40.052178067],[-3.2931759520000004,40.052211221],[-3.296499517,40.051637023000005],[-3.297931627,40.051784737000006],[-3.3024942220000004,40.053313647],[-3.308070367,40.060667969],[-3.310782859,40.066197128000006],[-3.3107880290000002,40.067337720000005],[-3.3117901190000003,40.068254918],[-3.315643248,40.070242866],[-3.3190976090000004,40.074188641],[-3.325668932,40.077468854],[-3.327746926,40.079135195],[-3.334418051,40.081052392000004],[-3.3461668390000003,40.080159494],[-3.348989526,40.07805682],[-3.3499419510000004,40.077729893000004],[-3.3544595430000004,40.077321151],[-3.3555188830000002,40.076789059],[-3.3618934830000002,40.075265524],[-3.364334175,40.075048339000006],[-3.3661073810000004,40.075502883000006],[-3.3730177560000003,40.075519653],[-3.375289807,40.075393955],[-3.377707211,40.074767892000004],[-3.377781714,40.073371087000005],[-3.378586174,40.070754631],[-3.379128938,40.066165849],[-3.3776707150000003,40.062284250000005],[-3.3758640480000004,40.061324376],[-3.3747335140000003,40.059615136000005],[-3.3743007890000003,40.055032212],[-3.375103041,40.053567098],[-3.3757819860000002,40.051255823000005],[-3.3769234740000003,40.049988253],[-3.3818804670000002,40.051519923],[-3.385209578,40.051862113000006],[-3.3859134760000003,40.051529123],[-3.3858873430000003,40.050634552000005],[-3.3865392310000004,40.049812507000006],[-3.388485847,40.049491578],[-3.3915300960000003,40.048410111],[-3.3942418300000003,40.045388376000005],[-3.3943881740000004,40.043304579],[-3.3940790890000003,40.042350603],[-3.391716461,40.041321214],[-3.3915629590000003,40.041003030000006],[-3.3917984860000003,40.038973698],[-3.393005398,40.036534014000004],[-3.3939335330000002,40.035591647000004],[-3.398033329,40.035124241000005],[-3.401071674,40.034181020000005],[-3.402263274,40.034312946],[-3.404393067,40.035130837000004],[-3.409642997,40.037506291],[-3.410028654,40.038098665],[-3.409906571,40.038461286],[-3.4083277670000003,40.040053465],[-3.4099393740000004,40.041794752],[-3.410379797,40.041935546000005],[-3.4115608010000003,40.041445736],[-3.4144779950000004,40.042149806000005],[-3.417619626,40.045051354],[-3.4195212820000003,40.045472444000005],[-3.422055953,40.045124476000005],[-3.4244194940000003,40.046868224],[-3.4252143420000003,40.046872518],[-3.4262485540000003,40.046345256],[-3.4267255980000004,40.044447866000006],[-3.429006289,40.040613937],[-3.4293342150000004,40.038881963],[-3.4303507040000003,40.038356532],[-3.4324870940000003,40.03809901],[-3.4345222860000004,40.038892357],[-3.438126612,40.038695889],[-3.4401519520000003,40.039036888000005],[-3.445967044,40.037228936000005],[-3.4477513450000004,40.038353671],[-3.4484006070000004,40.041026133],[-3.448624503,40.044252531000005],[-3.4480580300000003,40.045107939000005],[-3.447660323,40.046677158],[-3.446767545,40.047835642],[-3.4475583070000004,40.049187644],[-3.4483287870000003,40.049763987000006],[-3.450431533,40.049159393000004],[-3.452975647,40.050066659],[-3.4564877280000004,40.050021342],[-3.4565778660000004,40.0494732],[-3.4549995730000003,40.048012635],[-3.4547792110000004,40.047134157],[-3.455069409,40.046700554000005],[-3.460566161,40.045280536],[-3.464051061,40.043853913],[-3.470067733,40.040702392],[-3.471944371,40.041035325],[-3.47322268,40.042141902000004],[-3.473265602,40.043265233],[-3.4723994900000004,40.045502265],[-3.4725541320000004,40.045998066],[-3.478844361,40.044782953],[-3.4803221750000004,40.045057935],[-3.482290084,40.046009286],[-3.4833006390000003,40.046014984],[-3.4845509590000003,40.045444853],[-3.485241665,40.044484234],[-3.484945444,40.043541262000005],[-3.485748709,40.041926067000006],[-3.487746609,40.041170306000005],[-3.488567086,40.041318672],[-3.4891293080000003,40.042078517],[-3.489449585,40.043920542],[-3.489976356,40.04480036],[-3.490270064,40.047183974],[-3.4905929390000003,40.047579933],[-3.491738508,40.047773287000005],[-3.493673037,40.047312772000005],[-3.495651456,40.047575513000005],[-3.496191946,40.047258761],[-3.497100473,40.045802508],[-3.4983064280000002,40.045112591000006],[-3.4995823190000004,40.045014295],[-3.5037971370000003,40.046197926000005],[-3.5050749810000004,40.047158195],[-3.5059047760000004,40.048718650000005],[-3.5068634170000004,40.048673915],[-3.5075104730000004,40.047872825000006],[-3.506475194,40.045795226],[-3.5067187730000002,40.044809405],[-3.5077482900000003,40.04437063],[-3.510672184,40.045822745],[-3.5114522330000004,40.045886875],[-3.511661886,40.044292141],[-3.511276311,40.043519914],[-3.5116942030000002,40.04281171],[-3.512583953,40.042658216],[-3.51530506,40.043329076],[-3.517274474,40.040136642],[-3.5169836,40.039740975],[-3.5168668490000004,40.037192301000005],[-3.5200482770000003,40.030875971],[-3.522066155,40.026089328000005],[-3.5197107630000004,40.021094858000005],[-3.527162036,40.01869992],[-3.5306053840000002,40.018118116000004],[-3.549817136,40.018179508],[-3.5506985820000003,40.017611853000005],[-3.5511860860000004,40.018140746],[-3.5747039870000004,40.015682382],[-3.574810883,40.014386798000004],[-3.5752021540000003,40.013733544000004],[-3.583286444,40.012756282000005],[-3.5851140850000003,40.013180609],[-3.5900147130000004,40.013220527],[-3.5909687370000003,40.012147562],[-3.594580697,40.001700968],[-3.5953428300000003,40.001140613000004],[-3.5969063930000003,40.000514228],[-3.602254702,40.000116241],[-3.608054799,39.998239663],[-3.610373238,39.998277202000004],[-3.6155746370000004,39.994044562],[-3.6189109760000004,39.992288805],[-3.622486206,39.99106144],[-3.626806172,39.992565383000006],[-3.629245141,39.992673610000004],[-3.6307908980000003,39.991693863],[-3.633096359,39.991184938],[-3.635298563,39.988992164],[-3.6379916550000004,39.988375872000006],[-3.637878113,39.987087475],[-3.6370054940000003,39.984817229],[-3.6362289480000003,39.98380628],[-3.6352184340000004,39.981267294000006],[-3.6349831060000004,39.978898211],[-3.634244106,39.977694142000004],[-3.6334842110000003,39.974884194000005],[-3.633580992,39.973469854],[-3.631378905,39.969596057000004],[-3.6305071320000004,39.968629822000004],[-3.633920013,39.968984562],[-3.6335099530000003,39.967236118],[-3.6344989040000004,39.965891764000006],[-3.636694856,39.965578791000006],[-3.6463386030000002,39.965968311000005],[-3.660116309,39.966069652],[-3.6615966330000003,39.965820377],[-3.662639506,39.965487544000005],[-3.6658257340000002,39.963543171000005],[-3.6776434150000004,39.960770018000005],[-3.6833927060000002,39.955461491],[-3.6924066690000004,39.95031986],[-3.697588563,39.946718273],[-3.6989016030000004,39.9477017],[-3.703865699,39.949596387],[-3.708880397,39.953540366000006],[-3.7111057830000003,39.954708622000005],[-3.716894533,39.950818545000004],[-3.730576171,39.944423833],[-3.7438698780000004,39.94080236],[-3.7448592680000004,39.939943779000004],[-3.74640744,39.932995684000005],[-3.748458942,39.929415681],[-3.754053895,39.924203247],[-3.7565833140000002,39.921112103000006],[-3.759367595,39.919072659],[-3.769997558,39.914636638000005],[-3.771334491,39.915318537000005],[-3.7747828240000003,39.912554244],[-3.778797468,39.910853618000004],[-3.78977872,39.899116305],[-3.7958089330000004,39.894971410000004],[-3.8005840140000005,39.890871100000005],[-3.806421181,39.88738895],[-3.804397884,39.884719334],[-3.8120535030000005,39.885768106],[-3.814893697,39.885742298000004],[-3.819628991,39.889136782],[-3.825111858,39.892337861],[-3.8297200780000002,39.897269408],[-3.8345483330000003,39.899934125],[-3.840013748,39.901575924],[-3.8448804130000003,39.902641595000006],[-3.8526500780000004,39.903081218000004],[-3.8567114040000003,39.903051315],[-3.859794656,39.902546496],[-3.865430964,39.903574071],[-3.868326172,39.904858866000005],[-3.8689382020000003,39.905244408],[-3.8687980590000004,39.906283382000005],[-3.8697019310000003,39.907636185],[-3.873612044,39.908669073000006],[-3.8725461830000003,39.909496076],[-3.873922035,39.909679436000005],[-3.8754273070000003,39.910685293],[-3.873129961,39.913367681000004],[-3.8688869560000003,39.915458247000004],[-3.8674477940000003,39.917036707],[-3.868535033,39.919465711],[-3.8754772340000003,39.926904245],[-3.8756902300000005,39.927732434],[-3.875190426,39.928736283],[-3.8739250980000004,39.929821578],[-3.871270704,39.930271299000005],[-3.8691572470000004,39.931484537],[-3.866378908,39.931398175000005],[-3.86425717,39.932236501000006],[-3.859322584,39.932857873],[-3.858665343,39.933366381],[-3.8572674320000004,39.936331002],[-3.856471243,39.937245960000006],[-3.854598252,39.937880537000005],[-3.8541176520000002,39.938670623],[-3.852824409,39.939434246000005],[-3.847792306,39.939792764],[-3.8400444250000003,39.941955581],[-3.8393026980000005,39.941890672],[-3.8382691610000004,39.940740394],[-3.837994328,39.935379793],[-3.837114425,39.932994961000006],[-3.8353217400000004,39.931381622],[-3.8345282170000003,39.931185513],[-3.8320422880000002,39.931560148],[-3.83085923,39.932347966],[-3.830126936,39.933443384],[-3.829533397,39.936050539],[-3.8293229650000002,39.940536183],[-3.824383742,39.947290839000004],[-3.8231910300000003,39.94730201],[-3.822000779,39.946638319],[-3.8176661000000003,39.946739220000005],[-3.8163294220000004,39.947933413],[-3.8133433180000003,39.951998859],[-3.81104716,39.953448382000005],[-3.809547719,39.953965201],[-3.804642954,39.953911921],[-3.802416292,39.953013751],[-3.8016955880000003,39.952049283],[-3.8012246800000002,39.947307095],[-3.800469102,39.946256365],[-3.799390534,39.945714204000005],[-3.797957444,39.945889846],[-3.7937361960000002,39.947500917],[-3.7915246750000002,39.946973642],[-3.7859669730000003,39.944549062],[-3.78334654,39.944795636],[-3.7824877210000003,39.945445632],[-3.782245977,39.948784483000004],[-3.7829871340000003,39.949823715],[-3.7857179760000004,39.951741447],[-3.7868048520000004,39.953928858000005],[-3.786328251,39.954736662],[-3.7844200710000004,39.955977613],[-3.7819061850000004,39.957085670000005],[-3.778455746,39.956969228000006],[-3.7758271810000004,39.957886916],[-3.7742715180000004,39.958746031000004],[-3.771530627,39.961451908],[-3.7665778210000003,39.961863159],[-3.765149033,39.963303344],[-3.764255152,39.966413099],[-3.763602359,39.967518391000006],[-3.7579728340000003,39.958335633000004],[-3.7609946770000002,39.956751749000006],[-3.7678022170000003,39.955449121],[-3.7691415900000003,39.954929393],[-3.770228642,39.954043727000006],[-3.7708065790000003,39.952965022],[-3.770681783,39.950607993000006],[-3.7691688410000004,39.948583628],[-3.7673452110000003,39.947555977],[-3.765833433,39.947195666],[-3.7628744590000003,39.947753049],[-3.7604253190000003,39.949215201],[-3.754493785,39.950399979000004],[-3.7521346220000003,39.951978498],[-3.7514496270000004,39.953035281000005],[-3.7511373220000004,39.956590761],[-3.751473713,39.957908514],[-3.752704554,39.959113248],[-3.757139806,39.965711062000004],[-3.758876073,39.968867544000005],[-3.7540178600000003,39.967818959000006],[-3.7522598140000003,39.966818579000005],[-3.74749473,39.962795895],[-3.7459390470000002,39.962187841],[-3.742300794,39.961504817000005],[-3.739263004,39.961342231],[-3.7359661920000002,39.961701097],[-3.7299670710000004,39.964159996],[-3.7286954650000004,39.964049973],[-3.7279361150000003,39.964544880000005],[-3.7245926870000003,39.967936399],[-3.7234340350000004,39.9696591],[-3.723708793,39.970616922000005],[-3.7254978070000004,39.971695008000005],[-3.7289057430000003,39.972266454],[-3.7312859030000003,39.969357516],[-3.7371623420000004,39.968412076],[-3.7380414720000004,39.968712809],[-3.7412810070000004,39.970826541],[-3.743397658,39.973909646],[-3.744804955,39.977222511],[-3.746750017,39.979465142],[-3.7466152480000003,39.980748096],[-3.7452472470000004,39.981820045],[-3.743887822,39.982390982000005],[-3.741480176,39.982424421000005],[-3.7393481840000002,39.981737082],[-3.738760188,39.981297555000005],[-3.7373381660000002,39.979101931],[-3.7364963060000003,39.976831426000004],[-3.7358310070000003,39.976058113],[-3.734080096,39.97550161],[-3.7315575880000003,39.976383407],[-3.73349651,39.979297506],[-3.7349512450000004,39.980294672],[-3.7356884790000002,39.981765788000004],[-3.7358490200000003,39.983955937000005],[-3.734882089,39.985096401],[-3.73350441,39.985836725000006],[-3.729891475,39.986208228],[-3.7287003530000002,39.988417702],[-3.7272783410000003,39.98918706],[-3.7265819490000003,39.989128363],[-3.7253409150000003,39.988408155],[-3.720455266,39.984167138000004],[-3.7200880260000004,39.984440612],[-3.7187049070000002,39.985904273],[-3.7185220250000004,39.987005495000005],[-3.7233598960000003,39.992260487],[-3.7241793640000003,39.994983509],[-3.7241405500000004,39.997184825000005],[-3.7223940090000003,40.000416703],[-3.7217452250000003,40.001106387],[-3.7185236250000004,40.002010268],[-3.7152516020000004,40.003815343],[-3.714621515,40.004510276000005],[-3.712979713,40.008747750000005],[-3.711714981,40.01050251],[-3.707985648,40.013917515],[-3.6998912930000003,40.019542801],[-3.695036693,40.020963125],[-3.6911382440000002,40.02169551],[-3.686834037,40.021707595],[-3.686485224,40.019528417000004],[-3.687140845,40.018533464],[-3.686550302,40.017721588],[-3.6834368050000004,40.015610109],[-3.681775077,40.015594676],[-3.67948712,40.016118971000004],[-3.6767995900000003,40.020914347],[-3.6756210310000004,40.022135734],[-3.6704748790000004,40.025085677],[-3.667738008,40.027824432],[-3.6681468410000004,40.03282943],[-3.667443587,40.034149797000005],[-3.6661657740000004,40.035209483],[-3.6627382730000004,40.036877914],[-3.6586278630000004,40.037029299000004],[-3.657383466,40.036584985000005],[-3.656474546,40.035554029000004],[-3.655551039,40.032875281],[-3.655182336,40.032560227000005],[-3.6527951420000004,40.031732204],[-3.6506598030000004,40.031746923],[-3.6496441400000004,40.032170673],[-3.649035274,40.033099379],[-3.6488551,40.034369851],[-3.649306444,40.03721978],[-3.6492264920000004,40.038799621],[-3.6484130230000003,40.040533131000004],[-3.6472593840000003,40.041627950000006],[-3.6458411760000002,40.042019679],[-3.644758017,40.041893272],[-3.642088374,40.040717928],[-3.6394976760000004,40.040203395000006],[-3.6381851380000003,40.040363798],[-3.636088083,40.041625875],[-3.6353291960000003,40.043343676],[-3.638651965,40.045417441000005],[-3.639564993,40.046400761],[-3.6400626170000003,40.048340491000005],[-3.6396574590000004,40.050020324],[-3.6386947340000004,40.050750913],[-3.6350147980000003,40.051526156],[-3.63074259,40.053813622],[-3.625512907,40.053358168],[-3.6236031300000002,40.053882918],[-3.621906232,40.054871389000006],[-3.621222448,40.056264342000006],[-3.620702763,40.056362634],[-3.6195281390000003,40.057691625000004],[-3.624235359,40.060596183],[-3.623549278,40.06131371],[-3.6224131620000004,40.063939545000004],[-3.6181690370000004,40.066611099],[-3.616565893,40.068807265000004],[-3.6178411550000003,40.069880899000005],[-3.622408403,40.07243562],[-3.625436285,40.073444597000005],[-3.627521365,40.074839715],[-3.6286719240000003,40.076375916],[-3.6289539000000004,40.078265861000006],[-3.6250080930000004,40.080652416],[-3.6233437490000004,40.081190969000005],[-3.61922947,40.079846015],[-3.6115336900000004,40.082197411],[-3.610364064,40.081869682000004],[-3.608110593,40.086185407],[-3.607384719,40.088319978],[-3.604247458,40.091833899],[-3.6037385430000004,40.09278616],[-3.6037777510000004,40.093771601],[-3.604541574,40.094581180000006],[-3.6059870320000003,40.095128615],[-3.607962935,40.095298451000005],[-3.6097188470000003,40.094346822000006],[-3.611081705,40.092737741],[-3.6129214590000003,40.092252315],[-3.614703656,40.092934804],[-3.616324688,40.094864146],[-3.6162926210000004,40.096121149000005],[-3.6140845130000003,40.099488934],[-3.613031165,40.103171309000004],[-3.6117628990000004,40.104748377],[-3.6098290380000004,40.106296502],[-3.6085019380000003,40.108396397],[-3.607628161,40.108966786],[-3.6123890970000003,40.111383654],[-3.6150652080000003,40.112062938],[-3.619009746,40.113778329000006],[-3.6212095150000003,40.115185191],[-3.621938273,40.113331620000004],[-3.624483081,40.114340335],[-3.626679573,40.116705723],[-3.6288882780000002,40.117793904],[-3.6409548490000003,40.120521797],[-3.6443628510000003,40.122444259000005],[-3.64535695,40.122462420000005],[-3.6481493940000003,40.12440045],[-3.6534173240000003,40.125252166],[-3.6552940460000003,40.124755772],[-3.6563310610000004,40.125340204000004],[-3.656682469,40.127941777000004],[-3.660555142,40.128371856],[-3.6658319460000004,40.135287334000004],[-3.666267497,40.137591348],[-3.6660884950000003,40.140095211],[-3.667312302,40.143290586],[-3.670481129,40.141791672000004],[-3.6778934380000003,40.139163084],[-3.6782681910000004,40.138848802000005],[-3.679023603,40.136654891],[-3.6814982730000003,40.135345786],[-3.683723098,40.13226963],[-3.686925689,40.132988112],[-3.6883280330000003,40.132699054],[-3.6915035790000004,40.132756815],[-3.6949511850000003,40.133780656],[-3.6999756400000003,40.136048639],[-3.7045534480000004,40.137443578],[-3.705890429,40.138892363000004],[-3.709087418,40.140657978],[-3.7129136270000003,40.141696662],[-3.712146843,40.142668777000004],[-3.715863342,40.145053654],[-3.719808919,40.147115349],[-3.722216013,40.147713102000004],[-3.7298864450000004,40.14386727],[-3.73566922,40.139152255],[-3.7397755160000004,40.135210858],[-3.744145714,40.133127631],[-3.7443750880000004,40.132224668],[-3.746259137,40.132163538],[-3.7539064690000004,40.133951337],[-3.7568408090000003,40.135357057],[-3.7622454500000004,40.137304433000004],[-3.77045237,40.139399362000006],[-3.7714330960000004,40.139778622],[-3.7716152650000003,40.141718994],[-3.775917498,40.144375218],[-3.777563181,40.146242738000005],[-3.7789375990000003,40.150736417000005],[-3.7791864270000004,40.153298825],[-3.7789518930000003,40.156227242],[-3.7823919960000003,40.160015505000004],[-3.7832420410000003,40.161611909],[-3.795707342,40.170716911],[-3.7962268800000003,40.171690227],[-3.7995254000000003,40.174194001000004],[-3.799006158,40.174694721],[-3.800037763,40.17539979],[-3.80460243,40.176840571],[-3.8067510450000004,40.177222578000006],[-3.8091712870000003,40.170858961],[-3.8103641720000003,40.16900298],[-3.8108748190000004,40.169296504],[-3.8122265680000003,40.169199644],[-3.813862556,40.169598091000005],[-3.8169258950000002,40.171218772],[-3.817980861,40.171136288],[-3.8218855370000004,40.168924019],[-3.8262218800000003,40.165621196000004],[-3.833256931,40.16199666],[-3.834142465,40.162180655],[-3.8341863550000004,40.161352464000004],[-3.8408380120000003,40.162663798000004],[-3.844317514,40.165262927],[-3.8517374330000003,40.168391252],[-3.852796424,40.169240792000004],[-3.8517807320000004,40.172846604],[-3.852048689,40.173049146000004],[-3.8514450910000004,40.177514748],[-3.853528165,40.179384533000004],[-3.8536400740000003,40.179907783000004],[-3.8543346470000004,40.17993005],[-3.858537499,40.182530244000006],[-3.858337343,40.182931472],[-3.8593573670000003,40.183236894000004],[-3.8666343440000004,40.188077719000006],[-3.8710122190000003,40.189864675],[-3.876321814,40.191222692000004],[-3.877723705,40.188670546000004],[-3.879533518,40.189109355],[-3.883187286,40.188770736],[-3.884329954,40.189461045],[-3.885390452,40.189519703],[-3.8941650780000003,40.188712719],[-3.8994856500000004,40.19043861],[-3.9002080030000004,40.190241262],[-3.9021044440000003,40.190803106000004],[-3.9034238610000003,40.190150923000004],[-3.9047346910000003,40.190003288],[-3.9049421360000003,40.189636025000006],[-3.9087598920000004,40.189978566],[-3.910251047,40.189765766],[-3.9117108500000004,40.190088278000005],[-3.9143297240000003,40.191344876],[-3.916178715,40.191598025000005],[-3.917627817,40.192590616000004],[-3.920417844,40.195294999000005],[-3.922610954,40.198520531],[-3.923349292,40.198943288],[-3.92363806,40.198638093],[-3.92543677,40.199939183000005],[-3.9266428030000005,40.201725181],[-3.9278142020000004,40.202671689000006],[-3.929757389,40.203688572000004],[-3.9311431160000003,40.203976549000004],[-3.935097266,40.202713123],[-3.9386284920000003,40.203228102000004],[-3.9386190030000003,40.202633836000004],[-3.9402033550000004,40.201121923],[-3.941029052,40.201696042],[-3.941101106,40.200793051000005],[-3.9415143940000004,40.200343406],[-3.9411630730000002,40.19999382],[-3.9415213430000002,40.199215026000005],[-3.9413362500000004,40.198617144],[-3.9416758150000004,40.198440232],[-3.9416833070000004,40.197893371],[-3.942451488,40.197403567],[-3.942242525,40.196967647],[-3.942829659,40.19606383],[-3.9449054570000004,40.194714520000005],[-3.9464435630000003,40.194529967],[-3.947496757,40.194054579],[-3.9472702460000004,40.193689242000005],[-3.9479377620000005,40.192768847],[-3.947774674,40.191831964],[-3.948728296,40.189391012],[-3.949996296,40.189122469000004],[-3.950755351,40.189860010000004],[-3.951442772,40.190039025000004],[-3.951773138,40.191126066],[-3.9508478630000003,40.196489160000006],[-3.9526223970000003,40.197025991000004],[-3.9532300510000002,40.197883181],[-3.953797836,40.197905535000004],[-3.953862356,40.197478864000004],[-3.9544314660000004,40.197428228],[-3.956296935,40.199084966],[-3.9551209700000003,40.203367774],[-3.953413846,40.207658546000005],[-3.952965315,40.209950593],[-3.9528662490000004,40.212797441],[-3.956184733,40.211465279],[-3.9621040560000003,40.212287364000005],[-3.976926042,40.211929134],[-3.986182572,40.210021441],[-3.9910014050000004,40.209478672],[-3.993541833,40.212393834000004],[-3.994896175,40.212425271],[-4.001435171000001,40.217708154],[-4.0061737310000005,40.218249798],[-4.0088028190000005,40.219816606],[-4.014338564,40.224572427000005],[-4.0209971190000005,40.231708317000006],[-4.022103260000001,40.233588061],[-4.026158711,40.235611333],[-4.0258835170000005,40.237540534000004],[-4.026384865,40.239756355000004],[-4.026305861,40.241582249000004],[-4.0268588670000005,40.243147784],[-4.026662517,40.244867517],[-4.026015856,40.246224631000004],[-4.024431024,40.248012704000004],[-4.023984925000001,40.248949419000006],[-4.025960990000001,40.249582847],[-4.04186875,40.249710055],[-4.052084979,40.251528954],[-4.056970324,40.253862958],[-4.062538099,40.257734580000005],[-4.066218997,40.261521518],[-4.072894226,40.265451431],[-4.075374425000001,40.265208141],[-4.080455285,40.266940309000006],[-4.0857460880000005,40.25598676],[-4.087140525000001,40.254256257],[-4.095197834,40.247761277],[-4.1006003,40.24613118],[-4.102331425,40.243447905000004],[-4.104271629,40.241833528],[-4.111216701,40.244288547000004],[-4.113827877,40.243785965],[-4.120746157,40.243683152],[-4.124503011,40.246066575],[-4.127527644000001,40.246038954],[-4.13146699,40.24898074],[-4.133242614,40.248148042000004],[-4.143728266,40.244829641],[-4.145768642,40.245177396],[-4.148433898,40.246449832],[-4.149296919,40.247524256000005],[-4.149732731,40.248760396],[-4.150725412,40.249232611000004],[-4.147179121000001,40.255158795],[-4.146509884,40.256933738],[-4.144923718,40.258525495],[-4.143991483000001,40.264620915],[-4.14472515,40.264799159000006],[-4.147223886,40.266500927],[-4.149318512000001,40.266150233000005],[-4.150377185,40.267108828000005],[-4.152141262000001,40.267292748],[-4.153535747,40.26839693],[-4.15619157,40.269235541],[-4.157647932000001,40.270826644],[-4.158960479,40.270649851],[-4.160616936,40.269636913],[-4.162919448,40.269796727],[-4.164509539,40.270594358000004],[-4.165169645000001,40.271481564000005],[-4.167217009000001,40.272984737],[-4.167529712,40.274775012],[-4.168048832,40.275404991],[-4.168877117,40.277743409],[-4.171266033,40.280716133000006],[-4.171320702,40.281212608000004],[-4.172500133000001,40.282825005],[-4.172620946,40.284106588],[-4.173239033000001,40.284809790000004],[-4.172484708,40.288100253],[-4.175201879,40.288995852],[-4.176388677,40.289797314000005],[-4.177128907,40.290489793],[-4.177828526,40.292367373000005],[-4.179519448000001,40.293399709],[-4.18363043,40.294019005],[-4.187239859,40.296296464],[-4.190870508000001,40.297354665],[-4.197104876,40.294128169000004],[-4.198970304,40.290231359],[-4.202019314,40.289278106000005],[-4.203808948,40.287300935000005],[-4.204737073,40.283317377],[-4.204549156000001,40.280680575000005],[-4.203293980000001,40.276094494000006],[-4.203281946000001,40.274153161],[-4.204583676,40.271813473],[-4.204824179,40.2706515],[-4.2032298070000005,40.268817616],[-4.206168634,40.26893658],[-4.208838642,40.268224035],[-4.210607084,40.269126282],[-4.213744749,40.269445678000004],[-4.215329169,40.270377711],[-4.2168356000000005,40.272534877000005],[-4.2175646780000005,40.272855141],[-4.219729167000001,40.272022435000004],[-4.220987931000001,40.272627187000005],[-4.221525775,40.270944920000005],[-4.223827895,40.270119693000005],[-4.224339323000001,40.27043591],[-4.2263175870000005,40.269878203000005],[-4.227465410000001,40.271338128000004],[-4.2274594070000004,40.272121307],[-4.228474018,40.272553783],[-4.22834969,40.274977632],[-4.229293989,40.276071208000005],[-4.231479601,40.276667427],[-4.233051282,40.27460653],[-4.234642212000001,40.273998575],[-4.2459884070000005,40.274228329],[-4.249249848,40.272749009],[-4.250426331,40.271679537000004],[-4.2513824950000005,40.269761076],[-4.251640719,40.267497902],[-4.252307616,40.265331207],[-4.253702041,40.262889058000006],[-4.257817653,40.259945268],[-4.26024892,40.25756654],[-4.261298112,40.255110038000005],[-4.261371986,40.249774938],[-4.261983637,40.247570946],[-4.263348816000001,40.245870444000005],[-4.267349512,40.24270414],[-4.269123045000001,40.237068414],[-4.269770813,40.235873905000005],[-4.275538026,40.23161403],[-4.2778187260000005,40.231130306000004],[-4.2818868000000005,40.229313221000005],[-4.2849624,40.228666493000006],[-4.286665643,40.227925036],[-4.291232571,40.221448854],[-4.295189037,40.218881201],[-4.297832807000001,40.219964215000005],[-4.306597341000001,40.222034057],[-4.306716463,40.223206690000005],[-4.307959129,40.225176834],[-4.309689281000001,40.226407381],[-4.309645045,40.227895288],[-4.306454381,40.230431365],[-4.30582531,40.232147135000005],[-4.306133587000001,40.232757089],[-4.307988819,40.233881652],[-4.309032059000001,40.233835944],[-4.311179103000001,40.234522696],[-4.319044128000001,40.228357072],[-4.320392244000001,40.227609089000005],[-4.321519531,40.226300987],[-4.323146242,40.227124132],[-4.323972136,40.229000836000004],[-4.326482383,40.231927907],[-4.326523177,40.233604121],[-4.333844483,40.238420957],[-4.335735347,40.239107816],[-4.337450173000001,40.238851437],[-4.338661827,40.239788793],[-4.341732285,40.24045326],[-4.344325794,40.238402527000005],[-4.34641412,40.237323898],[-4.3484880740000005,40.236746542000006],[-4.348181639,40.237975527],[-4.3479668490000005,40.243887892000004],[-4.346048089,40.250380531000005],[-4.346051678,40.251428784000005],[-4.34526912,40.252880862000005],[-4.345375498,40.253794136],[-4.345802946,40.254401603000005],[-4.347853843,40.255735587000004],[-4.349152889,40.259879751],[-4.35043561,40.262253276],[-4.355200816,40.268846977],[-4.35692551,40.27034047],[-4.357143837000001,40.272320527000005],[-4.3581066690000005,40.274045903],[-4.35842011,40.276662409000004],[-4.3578876520000005,40.282634519000005],[-4.356802251,40.284606614000005],[-4.357798009000001,40.285863770000006],[-4.357134583000001,40.287123865000005],[-4.357212344000001,40.287879284000006],[-4.358012250000001,40.288476211],[-4.3583056860000005,40.289154119],[-4.357793588,40.289772109000005],[-4.3584006550000005,40.290931201],[-4.358378872,40.293582819],[-4.357010461000001,40.300802089],[-4.357012944,40.305939253000005],[-4.356386295,40.308621366000004],[-4.361267794000001,40.310514491],[-4.368042902,40.313838453],[-4.371456558,40.313816425000006],[-4.373060766,40.314136949],[-4.37355635,40.313834853],[-4.3751405210000005,40.314257928],[-4.37477626,40.315157026],[-4.376206561,40.316915509000005],[-4.380108718000001,40.318341548],[-4.37890901,40.317407384],[-4.379087492,40.31669265],[-4.378576136,40.316027576],[-4.378310493,40.314828045000006],[-4.378792898,40.314185366000004],[-4.381257316,40.312684814],[-4.381023509,40.312010131],[-4.3813362730000005,40.311129827],[-4.382315708,40.310394713],[-4.382823791,40.309340901000006],[-4.383482127000001,40.308788891000006],[-4.382628417,40.308069369],[-4.3817388930000005,40.307901615000006],[-4.381608201000001,40.307320296],[-4.383110581,40.306033888],[-4.385440186,40.302906038],[-4.387173243,40.301169971],[-4.382958258,40.299426731000004],[-4.384595638,40.295308971000004],[-4.385155033,40.291299588],[-4.3849721740000005,40.290063942],[-4.383481996,40.289049879000004],[-4.384513615,40.288271148],[-4.389264869000001,40.286680074],[-4.392616638000001,40.28693718],[-4.394563746,40.286223558],[-4.397272801000001,40.284649267000006],[-4.400589049000001,40.28191622],[-4.404846225,40.277099504000006],[-4.406516293,40.27586418],[-4.4076751000000005,40.273702352],[-4.409038745,40.273957020000005],[-4.411004172,40.273058576000004],[-4.412075553,40.272340828000004],[-4.412299079,40.271410266000004],[-4.413292159,40.271018056],[-4.414092454,40.270066122],[-4.415206250000001,40.270005032],[-4.41691938,40.268500114000005],[-4.420043803,40.265081475],[-4.4268741,40.261451094],[-4.42709781,40.260075723],[-4.426835728,40.258570849],[-4.4271730840000005,40.257556783000005],[-4.4293550800000006,40.258764993],[-4.430539597,40.259062072],[-4.432416032,40.258655986],[-4.433122798,40.259215705],[-4.4350020610000005,40.259339454],[-4.4352452200000005,40.259126890000005],[-4.435785282,40.255802453],[-4.436356596,40.255105277000006],[-4.435865522,40.250172009],[-4.434512809,40.243229595],[-4.435387704,40.240438661000006],[-4.436068913000001,40.239300843],[-4.437006434000001,40.23824948],[-4.4385385070000005,40.237697931],[-4.438658408,40.237314279],[-4.437425742,40.236697157],[-4.4387493430000005,40.237206298000004],[-4.447510111000001,40.233647545000004],[-4.4528406920000005,40.233087983000004],[-4.454471956,40.232525158],[-4.460898002,40.232572179],[-4.464638503000001,40.232253747],[-4.4696120740000005,40.231176303000005],[-4.472395217,40.231434632],[-4.474620188,40.230940548],[-4.481627718,40.228224954000005],[-4.483256841,40.227041031000006],[-4.490266655,40.224249212000004],[-4.495369826,40.222696925],[-4.497503835,40.221615289000006],[-4.500602633000001,40.221917507],[-4.500851942000001,40.221071934],[-4.50156346,40.220721268000005],[-4.504886413,40.220797941],[-4.507171249000001,40.220008763],[-4.508132435,40.219259312000005],[-4.509789138,40.219189971000006],[-4.511896815,40.217678688],[-4.514418699,40.216882667],[-4.514681797000001,40.216295444000004],[-4.51693006,40.214720969000005],[-4.517016794,40.213287406],[-4.516521054,40.211554267000004],[-4.5172327260000005,40.210322424000005],[-4.517504723,40.208291838],[-4.517007649,40.207183040000004],[-4.516879962,40.205460393],[-4.5180489150000005,40.203925256000005],[-4.519907245000001,40.202220696000005],[-4.521673547000001,40.202132628],[-4.522905082,40.201721841],[-4.524147256,40.201807929000005],[-4.527911286,40.200092818],[-4.53044747,40.200022381000004],[-4.5339343,40.200798937],[-4.535364339,40.199342864],[-4.5389958660000005,40.199757706],[-4.5425920710000005,40.200737768],[-4.545385308,40.200811325000004],[-4.55359714,40.202117622],[-4.555458144,40.202731368],[-4.558263847,40.202832197],[-4.567520723,40.205517205],[-4.574906362,40.206581186],[-4.574861504,40.207882503],[-4.574380892000001,40.208490837],[-4.573812174,40.208541457],[-4.572682623,40.212650828],[-4.574008078,40.213704965000005],[-4.575432738,40.215661961],[-4.579076175,40.217196172],[-4.576645264000001,40.219298658],[-4.57508255,40.219769479],[-4.568530735,40.218039546],[-4.567692063,40.218006764]],[[-3.374442445,40.626137242000006],[-3.372484478,40.626158875],[-3.371729113,40.625768517000004],[-3.3720113470000004,40.626555884000005],[-3.369376264,40.627943576],[-3.368876459,40.631665816],[-3.368161027,40.632525734000005],[-3.365478822,40.63140002],[-3.3636647620000004,40.631602124000004],[-3.3642946030000003,40.632827145],[-3.3635817730000004,40.633961794],[-3.364294192,40.636016268000006],[-3.363671177,40.636927215],[-3.3636059570000003,40.63842108],[-3.3655639930000003,40.638129338000006],[-3.3706321270000004,40.639087085],[-3.372665387,40.638926510000005],[-3.374049363,40.640249048],[-3.374844903,40.638486152000006],[-3.372259075,40.635611668],[-3.3741555840000004,40.634487561],[-3.375923482,40.634691741000005],[-3.3768657560000004,40.634229227000006],[-3.377104311,40.633541076],[-3.3802566410000003,40.632854203],[-3.382135121,40.630470583000005],[-3.376790011,40.628745793],[-3.3752688880000004,40.626970586000006],[-3.374442445,40.626137242000006]]],[[[-4.316193914,40.666749129],[-4.293070515,40.677361357],[-4.2899667710000005,40.680562233],[-4.284816538,40.681221045],[-4.283929009,40.680756176],[-4.2815850310000005,40.680455389],[-4.277460207,40.677922266],[-4.274158227,40.677090428],[-4.2734377640000005,40.676425629],[-4.271764977,40.676180027],[-4.267442717000001,40.674546489],[-4.266511056000001,40.672251552000006],[-4.259905702,40.665817128],[-4.253876395000001,40.661891008000005],[-4.2541175760000005,40.658692107],[-4.255620819000001,40.6542392],[-4.256038872,40.651460684],[-4.257795646,40.651749023],[-4.26219501,40.651708514],[-4.267000949000001,40.653130502],[-4.270489754000001,40.652832815000004],[-4.272852923,40.653008227],[-4.277462464,40.652454753],[-4.283313341,40.652985598],[-4.2876515180000006,40.652934761000004],[-4.2903188860000006,40.652079975],[-4.300581276,40.651522929],[-4.312713064,40.648755074],[-4.3195061280000004,40.647662706000006],[-4.322224299,40.651124282000005],[-4.323194852,40.653398694],[-4.324121894,40.658028753],[-4.319052168000001,40.660411193],[-4.3176968030000005,40.661809002000005],[-4.318003332,40.66280814],[-4.316193914,40.666749129]]]]}},{"type":"Feature","properties":{"province_code":"40","name":"Segovia","ign_nationalcode":"34074000000"},"geometry":{"type":"MultiPolygon","coordinates":[[[[-4.475540218,40.798184459000005],[-4.473178424,40.800047785000004],[-4.474015347,40.801442362],[-4.4764403690000005,40.802816622],[-4.476830984,40.803325085000004],[-4.477093015,40.805519706000005],[-4.476889639,40.807576155],[-4.483032426,40.811379852],[-4.486109907,40.814339947],[-4.486611569,40.815567591000004],[-4.4868336300000005,40.820203886],[-4.490287965,40.825140779],[-4.491102307,40.827085006000004],[-4.493217986,40.830471695],[-4.493772582,40.833518249],[-4.49753719,40.833739688],[-4.4986942700000006,40.833508469],[-4.499439296,40.83288624],[-4.500809080000001,40.830517327],[-4.501596527,40.830200808],[-4.503258736,40.830809725],[-4.506587595,40.831171666],[-4.507070702,40.829985303],[-4.507971341,40.829955519],[-4.508401824,40.830112036],[-4.508820620000001,40.831322645],[-4.5116742510000005,40.830078214000004],[-4.511825519,40.830472585],[-4.514429087,40.829708788000005],[-4.514397592,40.829366896],[-4.516235357,40.828306835],[-4.517991412000001,40.828346800000006],[-4.520976098,40.826622988000004],[-4.524620996,40.825773164000005],[-4.528620608000001,40.826431877000005],[-4.533902639,40.828703862000005],[-4.5346391310000005,40.828757124],[-4.541699926000001,40.82741988],[-4.546388115,40.825546524],[-4.547433235000001,40.827144948000004],[-4.550838781,40.829270155],[-4.552973025,40.831286266],[-4.554685203,40.833506207],[-4.555299747,40.835443661],[-4.556708235,40.836334477],[-4.556621193000001,40.838191307],[-4.558919423,40.839592552],[-4.557883674,40.840948741000005],[-4.553642789,40.849311334],[-4.551988212,40.850594728000004],[-4.5498578080000005,40.8533528],[-4.5488940200000005,40.853230625],[-4.548290935000001,40.853824242],[-4.546758916,40.853754713],[-4.541988185,40.854710376],[-4.540171716000001,40.85465357],[-4.539742503,40.855587126],[-4.538501748000001,40.855288399],[-4.53747782,40.855644355],[-4.535932666,40.855007353000005],[-4.533082725,40.857981878000004],[-4.531567416000001,40.858641576000004],[-4.533583324,40.863226899000004],[-4.5335920220000006,40.864118576],[-4.535026038000001,40.864558911],[-4.535604549,40.865461021],[-4.5348361100000005,40.869696003],[-4.535313278,40.872374037],[-4.538589284,40.874969729],[-4.540853788000001,40.874876446],[-4.543168353,40.875917455],[-4.543148859,40.876611331],[-4.544236996,40.876452641],[-4.547547796,40.878480106000005],[-4.550895005,40.879516107],[-4.551917005,40.882114675000004],[-4.556690065000001,40.884221277],[-4.55720191,40.884790878000004],[-4.558275071000001,40.885001584],[-4.559564955,40.885848915000004],[-4.559048688,40.887621456000005],[-4.556167643,40.891308598],[-4.555308312,40.89364425],[-4.555173165,40.894970246],[-4.555551091,40.897928775000004],[-4.555079935,40.900115059],[-4.555177291000001,40.901230735000006],[-4.5563589040000005,40.902511943],[-4.55640058,40.903277058],[-4.552449994000001,40.907464962000006],[-4.5536192380000005,40.908214894000004],[-4.5531625710000005,40.90899573],[-4.554478927,40.909941846],[-4.557326762000001,40.910876285],[-4.559281165000001,40.913200953],[-4.558705108000001,40.935188108000006],[-4.559466418,40.938771974000005],[-4.558358368,40.94014715],[-4.561894641,40.940495652],[-4.566822623,40.945446203],[-4.567760837000001,40.945433451],[-4.567888381,40.950827459],[-4.565061711,40.952379192],[-4.566351967,40.956199041000005],[-4.56939281,40.956662132000005],[-4.572356490000001,40.955874097000006],[-4.573523989,40.958506492000005],[-4.574481954,40.959817575],[-4.575583038,40.960649275],[-4.585313771,40.963083133000005],[-4.592951165000001,40.965905421],[-4.595955203,40.965800820000005],[-4.606747991000001,40.970803403000005],[-4.608861194,40.973647435000004],[-4.6122340930000005,40.98282434],[-4.6123248640000005,40.986552311000004],[-4.618237714,40.997449980000006],[-4.6180397520000005,41.000173117],[-4.617247905,41.003652237000004],[-4.621139494,41.006218837000006],[-4.623594397000001,41.006922921000005],[-4.6227867300000005,41.009384416],[-4.627231912,41.016545985],[-4.639530918,41.030054483],[-4.638912587,41.030063277],[-4.638289155000001,41.031306202],[-4.6450814860000005,41.031308538000005],[-4.651188513,41.033401080000004],[-4.652779808,41.034243014000005],[-4.659667168,41.040386394],[-4.659587497,41.041477475],[-4.663554443000001,41.043573126000005],[-4.665667909000001,41.045290095000006],[-4.66777557,41.045358698],[-4.671680390000001,41.046860456000005],[-4.680136083000001,41.050917061],[-4.688045196,41.052170648],[-4.695664472000001,41.052320012],[-4.699279828,41.051780344],[-4.7002588890000006,41.051910026],[-4.702070451,41.05294619],[-4.703247153,41.052433382000004],[-4.705435847,41.054247585000006],[-4.706059873,41.055832707],[-4.707799294,41.0577526],[-4.712719774,41.062102338],[-4.713193798000001,41.062942012],[-4.714253538,41.06708779],[-4.716512816000001,41.071585005],[-4.714979482,41.073040052],[-4.714712006,41.074656402],[-4.715041098,41.076326925000004],[-4.714644428000001,41.078927029],[-4.713465230000001,41.08302503],[-4.712414556000001,41.083824315],[-4.709061708,41.085369364],[-4.707149803,41.088775571],[-4.707346734000001,41.089484255],[-4.71176768,41.088716062],[-4.715866624,41.089303639],[-4.717149374,41.089185445000005],[-4.717885020000001,41.090003179],[-4.713344408,41.091665141],[-4.712791493,41.0946729],[-4.710029313000001,41.099271785],[-4.716064921,41.104244313],[-4.715123966,41.110644711],[-4.716439442,41.111309694],[-4.718327476000001,41.112920925000005],[-4.7214460250000005,41.116495405],[-4.722190712000001,41.118556012],[-4.724561127,41.122655013],[-4.7246528450000005,41.123428289],[-4.724616998,41.125698727],[-4.723810298,41.128557186],[-4.71942533,41.130343171],[-4.716721456,41.132644398000004],[-4.719949226000001,41.134893163],[-4.719653537,41.140905602000004],[-4.720366961,41.145407716],[-4.722101765000001,41.149318071],[-4.722394445,41.151394428],[-4.721336630000001,41.156967877],[-4.715930468000001,41.161714458000006],[-4.708950051,41.166916511000004],[-4.706795749,41.169335429],[-4.705333143000001,41.170392953000004],[-4.7023403870000005,41.174508587000005],[-4.692849742,41.177233649],[-4.684437893,41.180680759000005],[-4.683008786,41.184466752000006],[-4.680561261,41.185736521],[-4.673754386000001,41.182980348],[-4.665913493000001,41.180328811],[-4.655134909,41.17414307],[-4.6527129590000005,41.172169212],[-4.6469073540000005,41.16978438],[-4.643694426000001,41.168100873],[-4.641506623000001,41.167843852000004],[-4.6341855160000005,41.168236247],[-4.6277523910000005,41.170795409],[-4.62842281,41.176685795000004],[-4.632042176000001,41.182732565],[-4.631927418,41.184832918000005],[-4.634478511,41.187210709000006],[-4.636351639,41.190606909],[-4.638361197,41.189902772],[-4.640435,41.193683365000005],[-4.642661,41.194002911000005],[-4.645377997000001,41.197260812],[-4.650625087,41.200104085],[-4.649617919000001,41.200839113],[-4.6497973990000006,41.202286728000004],[-4.6472539280000005,41.206439521],[-4.646451074000001,41.209144210000005],[-4.648511405000001,41.213294139000006],[-4.64845967,41.216933852000004],[-4.650153724,41.218837153],[-4.649188834,41.219841789],[-4.650862904,41.221421098],[-4.6478168040000005,41.224112884],[-4.642645015,41.225781090000005],[-4.639878773,41.226324940000005],[-4.637255805000001,41.227353078],[-4.6330981190000005,41.229519842],[-4.631136157,41.231709407000004],[-4.629113018,41.232881982],[-4.623934956,41.234342245],[-4.616983853000001,41.240366859000005],[-4.615170723,41.241365093000006],[-4.608970356,41.247405717],[-4.607207226,41.250456787000005],[-4.603296884000001,41.254051168000004],[-4.604010435,41.255896726],[-4.600884515000001,41.259372006],[-4.5997829370000005,41.261188773],[-4.598673832,41.264167571],[-4.593773328,41.267352036000005],[-4.587880459,41.270495945],[-4.585512595,41.270330423000004],[-4.580994171,41.272076930000004],[-4.576389809,41.273238965000004],[-4.5748755150000004,41.273818144],[-4.573881954,41.275200840000004],[-4.576117122,41.276296165000005],[-4.576624254,41.277027815000004],[-4.575290715,41.279667177],[-4.575615558,41.283743003000005],[-4.5765262,41.284865444000005],[-4.580535678,41.288215183000005],[-4.585224670000001,41.290510585],[-4.590203634,41.291946103],[-4.592058624,41.295054962],[-4.593136316000001,41.295661545],[-4.593962208000001,41.297208353],[-4.5957718100000005,41.298930670000004],[-4.60197814,41.302654483000005],[-4.602432848,41.30415235],[-4.602225755,41.305452266],[-4.600964417,41.307604519],[-4.602055397,41.308742253000005],[-4.601819602,41.309358023],[-4.603261827,41.310202626000006],[-4.605149610000001,41.313139665],[-4.6025869880000005,41.314355319],[-4.600656966,41.316039497000006],[-4.599769168,41.3163761],[-4.597836082000001,41.318429568],[-4.5968492880000005,41.320586968],[-4.5941324340000005,41.318922285],[-4.590852038,41.318643425000005],[-4.587864435,41.317135457],[-4.586692473,41.317088572],[-4.576777921000001,41.308226679],[-4.574135898000001,41.306650561000005],[-4.570164667,41.305425797000005],[-4.565264037,41.302790403],[-4.563316455000001,41.302762835],[-4.562323339000001,41.303190655],[-4.559539772,41.302165563],[-4.557496952,41.302652598],[-4.551497358000001,41.307543501000005],[-4.54839768,41.308810235],[-4.5435839940000005,41.312369712000006],[-4.538817574,41.313388322],[-4.534022094,41.319289036],[-4.528628362,41.321099219000004],[-4.524279689,41.320085055],[-4.511237973,41.313060299],[-4.505379385,41.311290602],[-4.5000953400000006,41.302262256000006],[-4.500064383000001,41.300911567],[-4.498166061,41.301990147000005],[-4.497334934,41.301685708],[-4.496180797,41.302403287000004],[-4.495630698,41.301851985000006],[-4.494486026000001,41.301938914000004],[-4.493409343000001,41.300817971],[-4.4902882790000005,41.301182692000005],[-4.486040241,41.298733591],[-4.482640843,41.297354279000004],[-4.481678764000001,41.294952708000004],[-4.471462819,41.291561902000005],[-4.469928716,41.293977456],[-4.467785994000001,41.295887334],[-4.468148896000001,41.305673669],[-4.468991472,41.30649159],[-4.4690735880000005,41.309616080000005],[-4.470593546,41.316649386],[-4.470254472000001,41.317509413],[-4.470550643,41.318460402],[-4.471395643,41.319377351],[-4.472467182,41.31974195],[-4.473886051,41.322263839],[-4.478178554,41.323460786000005],[-4.478817197000001,41.324227206],[-4.482278346,41.326164269],[-4.486096516,41.325925863],[-4.487104349,41.326633422],[-4.489065938,41.325671297],[-4.4910843830000005,41.326680991],[-4.493910062,41.326410148],[-4.497436002000001,41.33532653],[-4.4987844390000005,41.337326596000004],[-4.500522426,41.341195073],[-4.502244525,41.342802908],[-4.502302222,41.346873427000006],[-4.5044730490000005,41.347196336],[-4.499808636,41.350193611],[-4.49942812,41.347154125],[-4.498202357,41.347908692000004],[-4.496687538000001,41.349612768],[-4.496377697000001,41.350697669000006],[-4.496989631,41.351842633000004],[-4.499439026,41.35335997],[-4.499756378000001,41.354166483],[-4.498998476000001,41.356040861000004],[-4.5000510700000005,41.357630423],[-4.499630178,41.358563657000005],[-4.497287011,41.360125417000006],[-4.4959036050000005,41.363926456],[-4.493252318000001,41.364050988],[-4.490727701,41.36501149],[-4.488499816,41.365355604],[-4.4839993190000005,41.365656969],[-4.484477865000001,41.366722654],[-4.484001399,41.366800862000005],[-4.515278072,41.394090001],[-4.515962536,41.401412801],[-4.514334064000001,41.40598288],[-4.516498637000001,41.408521373],[-4.5149577910000005,41.409658581],[-4.512692416,41.409994666],[-4.508192568,41.409936718000004],[-4.506084807000001,41.410883091],[-4.503956349,41.410415573],[-4.501801016,41.410858090000005],[-4.500820608000001,41.412447151],[-4.501386772,41.413133306000006],[-4.500041217000001,41.413934501],[-4.499205127000001,41.413477040000004],[-4.498023149000001,41.412024288000005],[-4.496064239,41.412166901],[-4.49515169,41.41150324],[-4.495320768,41.410005850000005],[-4.492443435,41.409746018],[-4.4898945690000005,41.410247465000005],[-4.4863319310000005,41.408789401],[-4.484967218,41.408753000000004],[-4.483671313,41.409112012],[-4.484716833,41.410368522000006],[-4.48276736,41.411978957],[-4.478334918000001,41.412261245],[-4.477243748,41.411626760000004],[-4.4761873660000004,41.412000623000004],[-4.4744153,41.411942309000004],[-4.474244868,41.412872237],[-4.473372338,41.413441874],[-4.472397376,41.413184154],[-4.46908044,41.413595903],[-4.468159428,41.413076249],[-4.465821008000001,41.414439169000005],[-4.466305650000001,41.416306484],[-4.46594211,41.416635382],[-4.462548734,41.416849761],[-4.463664834,41.419132386],[-4.459381479,41.420222695],[-4.458736716000001,41.421356782000004],[-4.4571544880000005,41.421773175000006],[-4.4555562140000005,41.420397314000006],[-4.454571878,41.421868946000004],[-4.453472414,41.421396469],[-4.452964079,41.422213547000005],[-4.4530222760000004,41.423753044],[-4.45118907,41.423650110000004],[-4.4502471230000005,41.423265685000004],[-4.449429312,41.424699143000005],[-4.448190468,41.424417526],[-4.4433948260000005,41.425639798000006],[-4.442642075,41.426234721],[-4.443125986,41.427012272000006],[-4.440770213,41.427636312000004],[-4.438760283000001,41.427121064000005],[-4.437773409,41.427412641000004],[-4.436352918,41.427034089],[-4.4343976320000005,41.427914201],[-4.433229782000001,41.427595508],[-4.43118338,41.428143435],[-4.430606598000001,41.428582965000004],[-4.430579189,41.428970617000004],[-4.434837882,41.430520799],[-4.434303527,41.431257055],[-4.431881280000001,41.431044073],[-4.4325192620000005,41.431756698],[-4.431402922,41.432698355],[-4.431393998,41.433383015000004],[-4.430148094000001,41.433875912000005],[-4.425600184,41.432788516],[-4.4229201840000005,41.434479068],[-4.418895368,41.439834101],[-4.4177850890000006,41.438866021],[-4.41534162,41.440445393000005],[-4.412616632000001,41.441190503],[-4.411426264,41.440943924],[-4.410615536,41.441647438000004],[-4.40748368,41.441847981],[-4.407293304,41.441345908],[-4.401555289,41.441145827],[-4.394018867000001,41.439688263],[-4.393788172000001,41.437853582],[-4.390926648000001,41.437816198],[-4.388547054,41.439051952],[-4.388577708000001,41.440492743],[-4.3860356540000005,41.43972179],[-4.385447481,41.439080360000005],[-4.384237952,41.439617359],[-4.383150058,41.439117046],[-4.382448877,41.438224758000004],[-4.381064944,41.43843956],[-4.3798748110000005,41.439895022],[-4.379943054,41.440857980000004],[-4.379144137,41.441570139],[-4.376813379000001,41.441733201000005],[-4.376296889000001,41.441081858000004],[-4.374316638000001,41.440267885000004],[-4.3744351870000004,41.439644965],[-4.372895119,41.438699598],[-4.370709368,41.438923854],[-4.369000699,41.439637785],[-4.367902647,41.439218514000004],[-4.367271282,41.437649753],[-4.3649147290000005,41.436002415000004],[-4.364927143,41.4388846],[-4.361349061,41.444664685],[-4.3625859170000005,41.44714503],[-4.362269347000001,41.447464037],[-4.362557451000001,41.448649576],[-4.36239263,41.449930559],[-4.357888034,41.449200257],[-4.351504386,41.449644825],[-4.349439928000001,41.449966327000006],[-4.348445519,41.450509429],[-4.346683435,41.448080121000004],[-4.345723637,41.448559743000004],[-4.343249024,41.448147341],[-4.340801997000001,41.449076646],[-4.337447799,41.44897162],[-4.335539607,41.448156138],[-4.333974321,41.446544003],[-4.3316797970000005,41.444976328],[-4.330931870000001,41.445282234000004],[-4.32785723,41.444786373],[-4.327253818,41.445135621000006],[-4.327697306,41.445752001],[-4.323983319,41.446785654],[-4.320425226,41.448429893000004],[-4.318987011,41.451310729],[-4.319219115,41.45331669],[-4.313496538,41.455111651],[-4.309147426,41.455557609],[-4.305056029,41.45691922],[-4.30004339,41.457723656000006],[-4.29414604,41.454979943000005],[-4.29098613,41.455024481],[-4.290176976000001,41.455276763],[-4.287805186,41.458248751],[-4.285468778,41.458166814],[-4.284199267,41.458757472],[-4.283266611,41.458821932],[-4.2741487430000005,41.457896523],[-4.270131642,41.461273692000006],[-4.2674374340000005,41.459420898000005],[-4.266025109,41.457598965],[-4.2650319880000005,41.457015414000004],[-4.264381662,41.456202901000005],[-4.263688045,41.454391045],[-4.261100332,41.450591339000006],[-4.2609944760000005,41.455024115],[-4.259920531000001,41.456450044],[-4.248235097,41.462090025],[-4.245707554,41.462036378],[-4.2439237400000005,41.461425181],[-4.241319848,41.459246529000005],[-4.235495117,41.45705744],[-4.233494552000001,41.455736827],[-4.227839161,41.459967779],[-4.201935952,41.468843561],[-4.197262134000001,41.470612738],[-4.197462647,41.471097046000004],[-4.178343162,41.475392962],[-4.169415454,41.475772358],[-4.16801945,41.476065778000006],[-4.164099090000001,41.477852968],[-4.15831788,41.482099782000006],[-4.155227330000001,41.480059191],[-4.152216036,41.477071948],[-4.148020204,41.474132487000006],[-4.144906972,41.471443308000005],[-4.142485356,41.469936146],[-4.141752026000001,41.471141412],[-4.1365011560000005,41.477003196000005],[-4.134550470000001,41.477779083],[-4.127802271,41.479556882000004],[-4.108701735,41.483273543],[-4.100233956,41.486858763],[-4.094950195,41.489638448],[-4.089500465,41.491833985],[-4.078658177,41.495404081000004],[-4.07046463,41.494742038000005],[-4.065277106,41.494745148],[-4.058034758000001,41.497316035000004],[-4.056352447,41.499961636],[-4.0566567650000005,41.500256081],[-4.056470643,41.500600065],[-4.053410041,41.501754032],[-4.051659402,41.503157161000004],[-4.048548237,41.507878327],[-4.045810799,41.509038155000006],[-4.042682779000001,41.509760105000005],[-4.036430545,41.50995171],[-4.034545375,41.511220685000005],[-4.030933175,41.515432473000004],[-4.027399196,41.517796966000006],[-4.018316852,41.518697386],[-4.015912764,41.518241273],[-4.0137673760000006,41.518233192000004],[-4.011443857000001,41.517560102000004],[-4.011413521000001,41.516380416000004],[-4.010338102,41.515813408],[-4.009165482,41.515931796000004],[-4.006643843,41.517160881],[-4.0059930040000005,41.516923382],[-4.005494888,41.515711757000005],[-4.002933383,41.515914280000004],[-4.001860633000001,41.516292934],[-3.9999042590000005,41.516102800000006],[-3.9991222570000002,41.516686067],[-3.9957870030000002,41.521146602],[-3.994682741,41.524173611],[-3.994341152,41.530832959],[-3.9937079900000003,41.530973546000006],[-3.9936783590000005,41.53373904],[-3.993092798,41.536995734],[-3.993657814,41.539449836],[-3.9936823350000004,41.541836552],[-3.9931496330000003,41.543849782],[-3.9930546710000003,41.546264552000004],[-3.994361473,41.553305931000004],[-3.993863326,41.556012404],[-3.991117693,41.558396018],[-3.9900797160000003,41.559530871],[-3.9887359360000003,41.561848288],[-3.985461057,41.564947899],[-3.982977071,41.571976782],[-3.9817290040000004,41.574311318],[-3.9807126910000004,41.574527176000004],[-3.980891369,41.578407737],[-3.980442109,41.582014443000006],[-3.980666604,41.583372604000004],[-3.979947155,41.584189399],[-3.977984166,41.583692748000004],[-3.9729324010000004,41.583618625],[-3.970276471,41.584911141],[-3.9687925280000003,41.585157874000004],[-3.9681726810000004,41.584622678],[-3.9638274940000002,41.586082420000004],[-3.9627161620000004,41.581534108],[-3.960492061,41.577976854],[-3.9530477850000003,41.573436122000004],[-3.946200809,41.571123783000004],[-3.9422377020000003,41.569138716000005],[-3.931095887,41.56920248],[-3.9245257710000003,41.567715273000005],[-3.920776603,41.566376265],[-3.9144986060000004,41.563453994],[-3.905557023,41.556967475],[-3.8940335540000004,41.551797107000006],[-3.8926413450000004,41.549087647],[-3.8923660460000002,41.545630922],[-3.891895893,41.544571682000004],[-3.8894160240000004,41.541213049],[-3.8889656500000003,41.538964661],[-3.8883623880000004,41.537807351000005],[-3.886432848,41.536092775],[-3.8857818290000004,41.532305644000004],[-3.8828563610000004,41.534030495],[-3.8783159260000004,41.534245329],[-3.875133941,41.534746923],[-3.872157049,41.533562489000005],[-3.8700820740000004,41.533479088],[-3.867946888,41.532477345000004],[-3.863704665,41.528969292],[-3.861766234,41.526515767],[-3.858971249,41.521816741],[-3.8564233380000004,41.518557],[-3.852749188,41.512558277000004],[-3.8448566840000002,41.504626899],[-3.8427249320000003,41.501012529],[-3.842276522,41.500619485],[-3.834152473,41.499642815],[-3.8304881080000004,41.49510251],[-3.828235616,41.491326573],[-3.8238776740000002,41.481134287],[-3.816135817,41.483675541000004],[-3.8001954760000003,41.485868238],[-3.7952550630000004,41.484470284000004],[-3.787641422,41.485864813],[-3.7906234280000004,41.487771973],[-3.794292151,41.490962393000004],[-3.7982214040000004,41.491926027000005],[-3.8004357800000004,41.498585244000004],[-3.796831022,41.502627631],[-3.8000865090000002,41.509153512000005],[-3.8022127290000003,41.5124895],[-3.8038984840000003,41.51410809],[-3.8049338190000004,41.514488171],[-3.805016036,41.516289097000005],[-3.8040364670000004,41.515575349],[-3.799004961,41.517682147],[-3.7990594270000004,41.518213212],[-3.8006176390000004,41.521147829],[-3.804059468,41.523249582000005],[-3.803788206,41.524575581],[-3.7991133680000004,41.521626684000005],[-3.7962112950000004,41.522475508],[-3.7924660240000003,41.524960449000005],[-3.7857475230000004,41.526438786],[-3.784091939,41.527314818],[-3.782764106,41.529530713],[-3.7832486590000003,41.529950764000006],[-3.782494809,41.532054651],[-3.780918749,41.533578636],[-3.778511292,41.533757111],[-3.775082809,41.534771119000006],[-3.7736697030000004,41.534897742000005],[-3.772160367,41.536006813],[-3.7687021960000004,41.537570290000005],[-3.766188785,41.537929367000004],[-3.7659954860000004,41.536786701000004],[-3.767773,41.535027377000006],[-3.767343952,41.533210725],[-3.768313966,41.531096482],[-3.768659886,41.528923354],[-3.7695101020000004,41.527836759],[-3.769641566,41.526791006],[-3.770380772,41.52544393],[-3.7711398810000003,41.522745585],[-3.771530686,41.52234663],[-3.7713447340000004,41.520816598],[-3.769692688,41.517945263],[-3.7707553590000003,41.516596016],[-3.769779241,41.511080931],[-3.7690046230000003,41.509419720000004],[-3.767482787,41.507394185],[-3.7670083520000004,41.505775991],[-3.767043858,41.504721869],[-3.7676822640000003,41.503987994],[-3.76839818,41.503730997000005],[-3.768834537,41.502124732000006],[-3.770861807,41.499282777000005],[-3.769609373,41.497732854000006],[-3.7696883420000002,41.495291259000005],[-3.768543943,41.493749604],[-3.770441486,41.490088814],[-3.769825618,41.484607289],[-3.770254577,41.482388537000006],[-3.769875722,41.479724811000004],[-3.7716367830000004,41.471660172],[-3.771170531,41.467681912],[-3.7702172920000003,41.465049050000005],[-3.7697523090000002,41.460151986],[-3.7637411870000004,41.460146986000005],[-3.757722123,41.461519903],[-3.7500352460000004,41.460543366],[-3.7470419940000004,41.460571838],[-3.7441377900000004,41.461059051],[-3.742100611,41.455658546],[-3.739483089,41.450784169],[-3.729095383,41.457624181],[-3.730819706,41.461909951],[-3.732244643,41.467242492000004],[-3.732406085,41.469889738],[-3.732244494,41.470431228],[-3.7263405890000003,41.475846175],[-3.723718888,41.479204515],[-3.727282943,41.481947457000004],[-3.7290539130000004,41.483926977],[-3.728000933,41.486176544],[-3.727372711,41.486775015],[-3.727636076,41.48998009],[-3.7273569940000004,41.49181041],[-3.72675488,41.492606881],[-3.726903624,41.494128242],[-3.726558482,41.495409506],[-3.7277865470000004,41.498095060000004],[-3.7285030630000002,41.498955274000004],[-3.7285204860000003,41.499441572],[-3.7276977400000004,41.500869959],[-3.728075499,41.501435053],[-3.728186361,41.50277648],[-3.7248878500000004,41.507850481000006],[-3.7262111890000003,41.510463359],[-3.7267579360000003,41.513279279],[-3.727940872,41.515109365],[-3.728304746,41.517638189],[-3.7231285100000004,41.520985488],[-3.717502227,41.523785881],[-3.709731173,41.524509448],[-3.708318648,41.525779164],[-3.706893142,41.525859955],[-3.7069168660000003,41.530246447],[-3.699368498,41.533922376],[-3.691546932,41.534536904],[-3.6914242730000004,41.535402350000005],[-3.689837911,41.538420303],[-3.6891776230000004,41.540595026000005],[-3.6815395320000004,41.551926630000004],[-3.675510136,41.554448199],[-3.6717231530000003,41.560432575],[-3.669447078,41.560679989],[-3.6610475040000003,41.566078238],[-3.658850815,41.565901682],[-3.6452520570000004,41.572102831],[-3.632814772,41.571036951],[-3.6261236410000004,41.570010811],[-3.619710942,41.575449340000006],[-3.6168363570000004,41.577158015],[-3.6152169740000004,41.575914843],[-3.6140760820000004,41.574524981],[-3.6088024510000003,41.566123123000004],[-3.6061998920000002,41.566136878],[-3.6046953900000003,41.565577397000006],[-3.6007231940000004,41.570479731000006],[-3.572622308,41.565399304],[-3.571200311,41.568693741000004],[-3.5743951440000004,41.571893426],[-3.574520221,41.572469234],[-3.570965788,41.577431454],[-3.566513832,41.579956969],[-3.5650929000000002,41.579333367000004],[-3.5648825950000003,41.578604837],[-3.5638720430000004,41.578267455],[-3.562929142,41.577434370000006],[-3.5600034010000003,41.578934513],[-3.558062275,41.579177958],[-3.552953714,41.580742337000004],[-3.5464225490000003,41.580088488],[-3.541567439,41.577607203],[-3.5421862170000002,41.57701891],[-3.543819222,41.572967367000004],[-3.543907625,41.572075301000005],[-3.543721165,41.571301599],[-3.5423157740000004,41.569632892],[-3.5389835080000003,41.564154267],[-3.5366299160000003,41.559490672],[-3.5362395970000002,41.557267835000005],[-3.5388968700000003,41.55382404],[-3.5377242150000003,41.552676517],[-3.538330261,41.552016192],[-3.5359577480000004,41.550766095],[-3.5349091990000003,41.548663207000004],[-3.5286416170000003,41.546124713000005],[-3.524880585,41.545105867000004],[-3.5209979120000003,41.542367072000005],[-3.5191782280000004,41.53970906],[-3.5181037830000004,41.538777093],[-3.507655875,41.533499887000005],[-3.5019400500000004,41.529183270000004],[-3.4851315240000003,41.524066591],[-3.4796783490000003,41.520909791],[-3.464349946,41.527790193],[-3.4604510630000003,41.534101376],[-3.4599100430000003,41.535571605],[-3.458060864,41.536848825],[-3.456007767,41.534713272000005],[-3.4515181960000003,41.533857084000005],[-3.4518086030000004,41.532522972],[-3.450434957,41.531510530000006],[-3.4466681190000004,41.527634142000004],[-3.440836935,41.523288122000004],[-3.432296394,41.518717752],[-3.425622569,41.517184198],[-3.423675128,41.516281638],[-3.421406344,41.513867113],[-3.4204601190000004,41.512096247],[-3.420802264,41.509411062000005],[-3.422221297,41.504641453000005],[-3.423606855,41.50212358],[-3.424832095,41.500759112000004],[-3.4252295740000003,41.499244552],[-3.426466142,41.497789842],[-3.426572714,41.495762752000005],[-3.424032024,41.48272911],[-3.4133054090000003,41.476120208000005],[-3.405666553,41.476534453],[-3.4033876060000003,41.475983877000004],[-3.3986070010000002,41.473694357],[-3.3909024550000004,41.471036155],[-3.3841046250000004,41.465663218],[-3.381093947,41.464799359000004],[-3.3758818230000003,41.464239779],[-3.3727263580000004,41.465249724],[-3.3675283730000003,41.465068034000005],[-3.3665592440000003,41.467340953000004],[-3.3650766990000003,41.467759936],[-3.362523957,41.465236799],[-3.36319515,41.463199037],[-3.362913879,41.462146043000004],[-3.3607650280000003,41.463314658],[-3.357467427,41.462460086],[-3.3563446920000004,41.462976938000004],[-3.355681943,41.462213329],[-3.350839965,41.459156462],[-3.3500154710000003,41.457231368],[-3.348311471,41.456497883000004],[-3.346661151,41.456845098],[-3.3473261020000002,41.458059108],[-3.3459993740000002,41.458477404],[-3.3407265560000003,41.459835073],[-3.3394783,41.459244239],[-3.335100739,41.460112634000005],[-3.33525053,41.461301171],[-3.334283632,41.461871416],[-3.3303745210000004,41.460720638000005],[-3.3367754,41.455180779],[-3.338954621,41.452940619],[-3.339926642,41.45109127],[-3.340490898,41.449107997000006],[-3.3406474220000004,41.446990806],[-3.340095552,41.444461352000005],[-3.3434305600000003,41.436740999],[-3.34603486,41.429022679],[-3.343475139,41.426985537],[-3.341349827,41.423316667],[-3.342619931,41.419061285000005],[-3.341663998,41.417019353],[-3.346505193,41.413861301000004],[-3.3488466650000004,41.408683848],[-3.349281405,41.407196263],[-3.347209593,41.404536195000006],[-3.347169688,41.396996834],[-3.3505315550000003,41.394869899],[-3.34785761,41.393634882],[-3.341244103,41.391537711000005],[-3.335300607,41.382403198000006],[-3.329218329,41.376268344],[-3.305970147,41.368315032000005],[-3.302777152,41.363053845],[-3.288286239,41.360226242],[-3.281089316,41.351938678],[-3.272127448,41.352734694000006],[-3.269331671,41.341544431],[-3.248133354,41.330097532],[-3.236291827,41.330284355],[-3.2361189930000003,41.328735397],[-3.236859119,41.318528231],[-3.224859529,41.313814176],[-3.220225252,41.310562323],[-3.208664327,41.307755351000004],[-3.206929036,41.306749608000004],[-3.2073511800000003,41.304235708],[-3.2104864760000003,41.302266370000005],[-3.2126102590000003,41.301523855],[-3.21507267,41.298411651],[-3.2262274370000004,41.298111137],[-3.2312445390000004,41.294867457],[-3.2389350120000002,41.287942932],[-3.238132327,41.287232980000006],[-3.237875294,41.285495024],[-3.2400709670000003,41.285049112],[-3.239872522,41.283013784000005],[-3.237789174,41.28146876],[-3.2378771580000003,41.279369785],[-3.2426583900000003,41.274189473],[-3.244364881,41.270690922],[-3.24612604,41.269110864000005],[-3.248902311,41.264447978],[-3.254264338,41.258383199],[-3.259240509,41.258273123],[-3.260766697,41.257828331000006],[-3.263475987,41.257732143000005],[-3.266056952,41.258383827],[-3.2692386040000003,41.259970866],[-3.271506918,41.260028642],[-3.27273353,41.259314159000006],[-3.2730950030000003,41.260133013],[-3.2742654030000002,41.260265372],[-3.273437508,41.265050424],[-3.2756601880000003,41.274224032],[-3.2763759140000004,41.275182351000005],[-3.2771962180000003,41.274689533],[-3.279335611,41.27417418],[-3.2809291650000003,41.273168539000004],[-3.2820858750000004,41.271422706],[-3.2820845110000003,41.270389767000005],[-3.2839747750000003,41.268186174],[-3.28826752,41.266148934],[-3.2883829550000003,41.265461255000005],[-3.289416779,41.264622184000004],[-3.289163745,41.261244234],[-3.2904880160000003,41.257236235],[-3.291506237,41.257812039],[-3.2968000030000004,41.257149312],[-3.3014862440000003,41.257121135000006],[-3.3031948570000003,41.257465059000005],[-3.304790557,41.258478031],[-3.3055744430000003,41.259782830000006],[-3.306816212,41.260341806],[-3.309275457,41.260342545],[-3.3105151160000004,41.260981153],[-3.312811688,41.261434975],[-3.318374395,41.260188442],[-3.322189894,41.260726972],[-3.3240081320000003,41.262017957000005],[-3.325052973,41.262073716],[-3.326058236,41.260962941],[-3.3283589140000003,41.259836915],[-3.329821227,41.258740392],[-3.330660227,41.258523798000006],[-3.330412765,41.258022843],[-3.33136827,41.256336144],[-3.3312134340000004,41.255511223],[-3.3315069310000003,41.255248418],[-3.3329844740000003,41.254315879],[-3.337192883,41.252680985000005],[-3.3386205130000004,41.253367146],[-3.3437971980000003,41.254053253],[-3.344530059,41.254785505],[-3.347358705,41.255973222],[-3.349073004,41.255829929],[-3.353349908,41.256325404],[-3.354852123,41.255965369],[-3.357495901,41.256988766],[-3.3594221810000002,41.258144594],[-3.3638839750000002,41.258802792000004],[-3.367463981,41.260287085],[-3.3694634280000004,41.260416632],[-3.3719768830000003,41.259471073],[-3.374346349,41.259181387000005],[-3.3765238940000004,41.259704979000006],[-3.3794673750000004,41.259751451],[-3.3806744760000003,41.259515523000005],[-3.382309241,41.258340176000004],[-3.3924042890000004,41.256925632000005],[-3.39898127,41.258085505000004],[-3.403611455,41.261280894],[-3.405346632,41.262018188000006],[-3.4087286110000004,41.261999449],[-3.409468849,41.260415331000004],[-3.4118136370000003,41.263336523],[-3.413868819,41.267538729],[-3.4145384930000002,41.269115993],[-3.415146516,41.273197168],[-3.4153067380000004,41.270585654],[-3.414425553,41.265899207000004],[-3.412237976,41.263263612],[-3.41180707,41.261193993],[-3.410622671,41.259944808],[-3.4067002750000004,41.26019566],[-3.4056425170000004,41.259837389000005],[-3.404258711,41.258677441],[-3.402816839,41.257999077],[-3.39975496,41.254613435],[-3.399756886,41.25194724],[-3.400157011,41.251125472000005],[-3.400177824,41.249137118],[-3.3997839350000003,41.24657336],[-3.3990325350000004,41.246153348],[-3.398864349,41.245254687],[-3.3984144400000003,41.244998543],[-3.3989039340000002,41.243809822],[-3.398480562,41.242021892000004],[-3.4020960000000002,41.238692893],[-3.404079534,41.238811506000005],[-3.404731538,41.236829915],[-3.405721729,41.235702004000004],[-3.406362806,41.233890452000004],[-3.406123629,41.232227437000006],[-3.404567075,41.231104375],[-3.403835243,41.229759664],[-3.402539258,41.228635437],[-3.4021611640000002,41.227829381],[-3.4024323350000003,41.226641149],[-3.4008137620000003,41.224684258],[-3.40179292,41.223807983],[-3.4016636570000003,41.223069645],[-3.4020076120000002,41.222238038],[-3.4032283540000003,41.220983588],[-3.403432135,41.218765257],[-3.403434981,41.21821589],[-3.4025173360000003,41.216923532],[-3.402422499,41.215797376000005],[-3.401418516,41.214363351],[-3.4014802320000004,41.213555324000005],[-3.402388277,41.213466446000005],[-3.4073629550000004,41.211604499],[-3.409034543,41.211640432],[-3.4105005950000002,41.212347577],[-3.410654993,41.212793516000005],[-3.4117772200000003,41.213638599],[-3.4134055300000004,41.214140374],[-3.414580608,41.215289414000004],[-3.4178410340000003,41.216463950000005],[-3.41966975,41.216281419000005],[-3.424134768,41.214455743],[-3.4253176040000004,41.214296773],[-3.4281513510000003,41.214763430000005],[-3.4310784880000003,41.214574623000004],[-3.431311211,41.215108586],[-3.431940334,41.215465216000005],[-3.4383995080000003,41.215412714],[-3.4398661280000002,41.215068515000006],[-3.4399884920000003,41.214801933000004],[-3.441312481,41.215200895],[-3.444019684,41.215000226],[-3.4476830890000003,41.208668809],[-3.4489849560000003,41.205698252000005],[-3.450962859,41.204621453],[-3.4520893260000003,41.203357069],[-3.4531594400000003,41.20302789],[-3.4546932540000004,41.200920438000004],[-3.4547848080000003,41.200311759],[-3.455946368,41.199383484],[-3.458656485,41.193837482],[-3.4594049580000004,41.191156878],[-3.4620607310000002,41.190683638],[-3.4629654210000003,41.190945033000006],[-3.4669855930000004,41.188217847000004],[-3.468323031,41.186085429],[-3.467975441,41.184962285000005],[-3.466515932,41.183384124],[-3.4699543380000004,41.183680295],[-3.4715206120000004,41.1831935],[-3.4727970740000003,41.183475807],[-3.474935105,41.183300921000004],[-3.476567085,41.181829424],[-3.4782343190000002,41.180840469],[-3.4791519280000003,41.180860231000004],[-3.4812274710000004,41.180144320000004],[-3.4833274170000004,41.180944235000005],[-3.4858225060000003,41.180724652],[-3.488707776,41.17965127],[-3.493087994,41.177192273],[-3.4992987020000004,41.178784479],[-3.5003408990000002,41.178607973000005],[-3.5020385180000004,41.176731862000004],[-3.5031480380000004,41.174133163],[-3.5031761670000003,41.172706834],[-3.5049414000000003,41.170815793],[-3.505274539,41.170023691000004],[-3.50699278,41.169181344],[-3.508192427,41.167734487000004],[-3.5094463890000003,41.167856003000004],[-3.5123008280000003,41.167290096],[-3.5141328080000003,41.166073411],[-3.5141995610000003,41.165438609000006],[-3.5155547960000004,41.163432613000005],[-3.517110277,41.162890849],[-3.519075234,41.162846123],[-3.5241384260000004,41.165489569],[-3.52837594,41.166199859],[-3.530411929,41.165893243],[-3.536002754,41.165894395],[-3.5369866400000003,41.165214214],[-3.5392021660000004,41.165005691000005],[-3.543904587,41.165844755],[-3.5504478550000003,41.165701083],[-3.5580231400000004,41.164397209],[-3.569193283,41.159507918],[-3.578603079,41.160258274],[-3.5827207860000003,41.161420299],[-3.589270811,41.158508913000006],[-3.591218276,41.15464347],[-3.5921020500000003,41.154314642],[-3.5950493920000004,41.154176056000004],[-3.598807533,41.154340362],[-3.600046995,41.155382462000006],[-3.601795334,41.154457224000005],[-3.6046823900000002,41.152036951],[-3.6108409480000003,41.149656971000006],[-3.6137018280000004,41.149052741000006],[-3.6140968300000003,41.14735882],[-3.6189731770000004,41.143669056],[-3.622275017,41.141756962],[-3.6250123690000002,41.140652173],[-3.626985234,41.138357002],[-3.6288971340000002,41.137428662000005],[-3.632775812,41.136342676000005],[-3.6339890250000004,41.134884801000005],[-3.6334850820000004,41.126337951000004],[-3.6345852900000004,41.125462438],[-3.638864077,41.123778779000006],[-3.640114456,41.122996241],[-3.6450200250000004,41.121290678],[-3.646370343,41.120021973],[-3.6462935580000004,41.118386523000005],[-3.646742664,41.117054401000004],[-3.648737919,41.114763224],[-3.6506904600000003,41.11057153],[-3.6510581600000003,41.107762541],[-3.6523042890000004,41.106474554],[-3.6557080180000003,41.104675255000004],[-3.6638217760000003,41.097810634000005],[-3.666720821,41.096106698],[-3.667539554,41.095231783],[-3.6721720020000004,41.092000705000004],[-3.676064805,41.086695623000004],[-3.679537395,41.084230422000005],[-3.684077787,41.084999885],[-3.687602361,41.084935683000005],[-3.6898999330000004,41.084460748000005],[-3.697680232,41.081876364],[-3.7052066170000004,41.077644525000004],[-3.7071260450000003,41.076020323],[-3.71145213,41.074491159000004],[-3.7139892150000002,41.073208037],[-3.716607005,41.071144254000004],[-3.719976921,41.067118254],[-3.7203817430000004,41.065603263],[-3.725623858,41.062501319000006],[-3.730567735,41.061424248],[-3.7404549950000003,41.053640291],[-3.7390009490000002,41.049713999000005],[-3.743085792,41.045360274000004],[-3.7458457160000003,41.040569083],[-3.747784304,41.037981121],[-3.7482525200000003,41.036672814],[-3.7498992830000004,41.035329824],[-3.753252783,41.0316606],[-3.755544157,41.027930677],[-3.759049348,41.027070813],[-3.7659178730000002,41.020828741],[-3.7669224310000002,41.018940274],[-3.7672960000000004,41.015975924],[-3.770013291,41.013703088],[-3.772603124,41.010002354],[-3.777187064,41.004598219],[-3.7806683120000004,41.001434481000004],[-3.7813661100000004,41.000311848],[-3.7839310320000004,41.000893818],[-3.7854253520000003,41.000868332],[-3.788884025,40.998155789],[-3.7904303190000004,40.995718408],[-3.791287843,40.995544072],[-3.7923338760000003,40.99463067],[-3.793497894,40.994040738],[-3.7971572190000003,40.993238088000005],[-3.798648839,40.993200739],[-3.800026218,40.993578302],[-3.8031381270000004,40.992348693000004],[-3.8094419850000003,40.987809589],[-3.814002136,40.986641583],[-3.8194227900000004,40.985858241],[-3.8212252560000004,40.984827508],[-3.829093851,40.986654829],[-3.8351719380000002,40.984192314000005],[-3.8392766880000004,40.983914804],[-3.8445073180000002,40.982347059000006],[-3.847405402,40.979375653000005],[-3.859313294,40.979191230000005],[-3.8617297300000004,40.977448165000006],[-3.863862446,40.974647818],[-3.869956916,40.971078978],[-3.870873404,40.972356626],[-3.8739671970000003,40.974794266],[-3.8790394740000003,40.975201657],[-3.8808318080000004,40.974125939000004],[-3.8807870760000003,40.972817400000004],[-3.883535274,40.971236194],[-3.886947574,40.971155079000006],[-3.890454801,40.969029187000004],[-3.895175576,40.965524548000005],[-3.8986417270000002,40.958833224],[-3.902380469,40.956943155000005],[-3.9057173460000003,40.956168088000005],[-3.9073827260000003,40.95525455],[-3.9078357880000003,40.954124592],[-3.907507051,40.953706089],[-3.9092905860000005,40.952025942000006],[-3.9098756170000004,40.949761584],[-3.9124110690000005,40.949218558000005],[-3.9114987730000004,40.947900478],[-3.911331392,40.946948515],[-3.9120787010000004,40.945136474],[-3.911664522,40.944547963000005],[-3.917182459,40.943005386],[-3.9199573070000002,40.937723167],[-3.92016708,40.934493143000005],[-3.921318749,40.931802223000005],[-3.9217607150000005,40.929928597],[-3.927273349,40.927565746],[-3.9379490360000005,40.927180436],[-3.936453294,40.920500399000005],[-3.937058615,40.915679708000006],[-3.9416595520000004,40.91186694],[-3.9426939890000003,40.909872191000005],[-3.942674622,40.907420316],[-3.9447102500000004,40.903615728000005],[-3.9475178110000004,40.900510114],[-3.9492229470000004,40.897787339000004],[-3.95123471,40.896010578],[-3.9522761760000003,40.893631932000005],[-3.9489759400000004,40.890384611],[-3.9467480330000004,40.888897623000005],[-3.9454655740000004,40.888697337],[-3.9423546980000004,40.888969591000006],[-3.942511359,40.883023782],[-3.943277441,40.880299743],[-3.944471225,40.876775874],[-3.9465013890000002,40.87515939],[-3.947239052,40.873290438000005],[-3.946532045,40.868140815000004],[-3.9471052120000003,40.862974386000005],[-3.9490827480000004,40.860779957000005],[-3.9503684170000004,40.860079353],[-3.951919563,40.857535259],[-3.9519152230000003,40.855739047],[-3.956003796,40.850050791],[-3.9569573050000004,40.849205127000005],[-3.9568892640000004,40.848515657],[-3.9597276490000004,40.845853586000004],[-3.962475823,40.844269588],[-3.9634648290000003,40.841707493],[-3.9630138030000004,40.840048326],[-3.9655057400000002,40.837991644000006],[-3.9658797530000003,40.836628265],[-3.965735726,40.834957531],[-3.962121572,40.823447185],[-3.964236591,40.818165099000005],[-3.964685429,40.817880291],[-3.964974428,40.815974423],[-3.9662906700000002,40.814099599],[-3.9683231560000003,40.811747622000006],[-3.972822261,40.809362244],[-3.9755302570000004,40.806855809000005],[-3.9754692840000003,40.803661075],[-3.979958791,40.799386454],[-3.9788582650000004,40.797013986],[-3.9796964690000003,40.793472912000006],[-3.9794892760000002,40.791309967000004],[-3.9786152520000004,40.789823795000004],[-3.9781189130000003,40.787418269],[-3.979171806,40.786074311],[-3.979675717,40.784554834000005],[-3.9842271460000003,40.785947562000004],[-3.989750174,40.785471566000005],[-4.003640463,40.788716037],[-4.007652958,40.787907551],[-4.012514642,40.784348174],[-4.015170143000001,40.782995232000005],[-4.0213170940000005,40.781191604],[-4.032392361,40.781611926000004],[-4.036312345000001,40.783535683000004],[-4.039542268,40.784169264],[-4.042200660000001,40.783789133],[-4.045490104000001,40.788911282],[-4.046967567,40.790177581],[-4.053513691,40.790639836000004],[-4.059591355,40.792307023],[-4.070091548000001,40.793915399],[-4.076700276,40.788881353],[-4.078758066000001,40.782225716],[-4.081035986,40.776601229],[-4.086250011000001,40.772374208],[-4.092551343,40.768814089],[-4.096250449,40.765272968000005],[-4.096685770000001,40.764221163],[-4.094374801,40.761148733000006],[-4.0938373740000005,40.758066667],[-4.094307421,40.755302953000005],[-4.096990778,40.747739287],[-4.104089389,40.747013993],[-4.110443546,40.74398208],[-4.119495162000001,40.736215014],[-4.120762748000001,40.735673022],[-4.121569128,40.733337426000006],[-4.125207409000001,40.7296257],[-4.125813538,40.727225363],[-4.125691755,40.724494308000004],[-4.12970736,40.723674053],[-4.130498552000001,40.723057340000004],[-4.132705392,40.719757553],[-4.136059851000001,40.717746344000005],[-4.13627572,40.716793832],[-4.140202402,40.710307797000006],[-4.140593148000001,40.7082302],[-4.141255446000001,40.707083189],[-4.142145252000001,40.702762059],[-4.145318363,40.697967869],[-4.144370612,40.695842269],[-4.1456734630000005,40.694651044000004],[-4.147112763,40.693965625000004],[-4.150524971,40.692728145000004],[-4.152850005,40.692486948],[-4.1546167590000005,40.692746753],[-4.157146379,40.692086333000006],[-4.160234294,40.68982278],[-4.164668638,40.693231339],[-4.172111464,40.693138001],[-4.172266556,40.692532862],[-4.177060032,40.693889405],[-4.1776932250000005,40.694225268000004],[-4.177453441,40.694723176000004],[-4.1789524,40.6951583],[-4.179474900000001,40.695927687],[-4.183311758,40.698050443],[-4.1842321060000005,40.697887864],[-4.187616649000001,40.695853233],[-4.190286758,40.696249133],[-4.194178804,40.694812641000006],[-4.198853826000001,40.694809236000005],[-4.199878652000001,40.694537347],[-4.202604055,40.694716185000004],[-4.206371582,40.693613891000005],[-4.207677949000001,40.693861478],[-4.211720511,40.693575897],[-4.2154849830000005,40.6929688],[-4.217301244000001,40.691967751],[-4.2194863840000005,40.691728491],[-4.226214305,40.689450181000005],[-4.2323355650000005,40.688313013000005],[-4.233383932000001,40.688689180000004],[-4.237253073000001,40.688008190000005],[-4.238403784,40.688158005000005],[-4.240502784,40.689666898000006],[-4.242730774,40.689832119],[-4.244643595,40.689595316],[-4.245418562,40.689902254],[-4.251413599,40.688360068],[-4.2523560520000006,40.689394822000004],[-4.252903033,40.689533022],[-4.25680172,40.686653019000005],[-4.258539773,40.685940446000004],[-4.263304161000001,40.685690239],[-4.265552401,40.685053053000004],[-4.27221733,40.682070117],[-4.273432831,40.681272993],[-4.273987336,40.679942647000004],[-4.274158227,40.677090428],[-4.277460207,40.677922266],[-4.2815850310000005,40.680455389],[-4.283929009,40.680756176],[-4.284816538,40.681221045],[-4.2899667710000005,40.680562233],[-4.293070515,40.677361357],[-4.316193914,40.666749129],[-4.318003332,40.66280814],[-4.3176968030000005,40.661809002000005],[-4.319052168000001,40.660411193],[-4.324121894,40.658028753],[-4.323194852,40.653398694],[-4.322224299,40.651124282000005],[-4.3195061280000004,40.647662706000006],[-4.3206293790000005,40.647375922],[-4.328137354,40.647262826],[-4.330383065,40.643615603],[-4.334960358,40.639481988],[-4.33271168,40.637607171],[-4.332631256,40.637130652],[-4.34171829,40.63680027],[-4.346680223,40.637156927],[-4.3533608500000005,40.637123897],[-4.359425711,40.638214752],[-4.362448839000001,40.638007968000004],[-4.369458689,40.636141398],[-4.3756343410000005,40.636284206],[-4.381021391,40.636030739000006],[-4.384860152,40.636390149],[-4.386462016,40.636082662],[-4.3895575540000005,40.634243788],[-4.393971076000001,40.633244725000004],[-4.405134961,40.634442678],[-4.408560828000001,40.634283839000005],[-4.414600135000001,40.63301192],[-4.419622579,40.633427738],[-4.419838465000001,40.63859586],[-4.419185964,40.649107568000005],[-4.419250848,40.654962164000004],[-4.420017898,40.660456798000006],[-4.4207876630000005,40.663284937],[-4.420805725,40.666924053],[-4.421588199,40.669788049000005],[-4.422106663,40.675258668000005],[-4.423428296,40.675647752],[-4.431906027,40.704125944000005],[-4.432284647,40.704670746000005],[-4.434684314,40.706172341000006],[-4.4338636970000005,40.70985787],[-4.435222152000001,40.713029881000004],[-4.435662201,40.715879996000005],[-4.433301631,40.717323609000005],[-4.4323289280000004,40.717236592],[-4.43274817,40.7196726],[-4.432311886,40.721966091000006],[-4.430571013000001,40.723609154],[-4.430613087,40.726680431000005],[-4.4302187260000006,40.728171671000005],[-4.426886659,40.729618185],[-4.4285725650000005,40.732038555],[-4.428691365000001,40.734271117000006],[-4.429014216000001,40.734969760000006],[-4.430521345,40.736221247],[-4.431127117,40.742384344],[-4.435561928,40.746482042000004],[-4.4376178170000005,40.748996757],[-4.438724157,40.749766682],[-4.4433527040000005,40.750726816000004],[-4.444899057000001,40.751572251000006],[-4.454451835,40.754533055],[-4.459888258,40.758824357],[-4.460839829,40.760622951],[-4.463056214,40.763369379000004],[-4.46452656,40.766125232],[-4.467068845,40.769128678],[-4.4719752360000005,40.772399205],[-4.4738379870000005,40.774654481000006],[-4.474633273,40.776860316000004],[-4.473339252000001,40.779435154000005],[-4.472496733,40.782067274],[-4.4726546140000005,40.782776902],[-4.4742558400000005,40.783909498],[-4.476733559,40.784481362],[-4.480575144,40.786161698],[-4.481455029,40.787357494000005],[-4.481395041,40.791592078],[-4.480955837000001,40.793696605],[-4.479959311,40.795258785],[-4.477244468,40.796842967],[-4.475540218,40.798184459000005]]]]}}]}
